student,id,color,defect,total.number,weight
grenobwk,1,BL,N,56,49
grenobwk,2,BL,N,56,49
grenobwk,3,BL,L,56,49
grenobwk,4,BL,N,56,49
grenobwk,5,BL,N,56,49
grenobwk,6,BL,L,56,49
grenobwk,7,BL,N,56,49
grenobwk,8,BL,N,56,49
grenobwk,9,BL,N,56,49
grenobwk,10,BL,N,56,49
grenobwk,11,BL,N,56,49
grenobwk,12,BL,N,56,49
grenobwk,13,BL,L,56,49
grenobwk,14,BL,L,56,49
grenobwk,15,BL,N,56,49
grenobwk,16,G,N,56,49
grenobwk,17,G,L,56,49
grenobwk,18,G,L,56,49
grenobwk,19,G,N,56,49
grenobwk,20,G,N,56,49
grenobwk,21,G,N,56,49
grenobwk,22,G,L,56,49
grenobwk,23,G,N,56,49
grenobwk,24,G,N,56,49
grenobwk,25,G,N,56,49
grenobwk,26,G,L,56,49
grenobwk,27,G,L,56,49
grenobwk,28,G,L,56,49
grenobwk,29,G,L,56,49
grenobwk,30,R,N,56,49
grenobwk,31,R,M,56,49
grenobwk,32,R,N,56,49
grenobwk,33,R,N,56,49
grenobwk,34,R,L,56,49
grenobwk,35,BR,L,56,49
grenobwk,36,BR,L,56,49
grenobwk,37,BR,N,56,49
grenobwk,38,BR,N,56,49
grenobwk,39,BR,N,56,49
grenobwk,40,BR,L,56,49
grenobwk,41,BR,N,56,49
grenobwk,42,BR,L,56,49
grenobwk,43,BR,N,56,49
grenobwk,44,BR,N,56,49
grenobwk,45,BR,N,56,49
grenobwk,46,BR,N,56,49
grenobwk,47,O,L,56,49
grenobwk,48,O,C,56,49
grenobwk,49,O,N,56,49
grenobwk,50,O,N,56,49
grenobwk,51,O,N,56,49
grenobwk,52,O,N,56,49
grenobwk,53,Y,L,56,49
grenobwk,54,Y,L,56,49
grenobwk,55,Y,N,56,49
grenobwk,56,Y,N,56,49
schiesjc,1,Y,N,56,50
schiesjc,2,Y,N,56,50
schiesjc,3,Y,N,56,50
schiesjc,4,Y,L,56,50
schiesjc,5,O,N,56,50
schiesjc,6,O,N,56,50
schiesjc,7,O,N,56,50
schiesjc,8,O,M,56,50
schiesjc,9,O,C,56,50
schiesjc,10,BR,L,56,50
schiesjc,11,BR,L,56,50
schiesjc,12,BR,L,56,50
schiesjc,13,BR,L,56,50
schiesjc,14,BR,L,56,50
schiesjc,15,BR,L,56,50
schiesjc,16,BR,N,56,50
schiesjc,17,BR,N,56,50
schiesjc,18,BR,N,56,50
schiesjc,19,BR,N,56,50
schiesjc,20,BR,N,56,50
schiesjc,21,BR,N,56,50
schiesjc,22,BR,N,56,50
schiesjc,23,BR,N,56,50
schiesjc,24,G,M,56,50
schiesjc,25,G,L,56,50
schiesjc,26,G,N,56,50
schiesjc,27,G,N,56,50
schiesjc,28,G,N,56,50
schiesjc,29,G,N,56,50
schiesjc,30,G,N,56,50
schiesjc,31,G,N,56,50
schiesjc,32,G,N,56,50
schiesjc,33,G,N,56,50
schiesjc,34,G,N,56,50
schiesjc,35,G,N,56,50
schiesjc,36,G,N,56,50
schiesjc,37,G,N,56,50
schiesjc,38,G,N,56,50
schiesjc,39,G,N,56,50
schiesjc,40,BL,C,56,50
schiesjc,41,BL,L,56,50
schiesjc,42,BL,L,56,50
schiesjc,43,BL,L,56,50
schiesjc,44,BL,L,56,50
schiesjc,45,BL,N,56,50
schiesjc,46,BL,N,56,50
schiesjc,47,BL,N,56,50
schiesjc,48,BL,N,56,50
schiesjc,49,BL,N,56,50
schiesjc,50,R,L,56,50
schiesjc,51,R,N,56,50
schiesjc,52,R,N,56,50
schiesjc,53,R,N,56,50
schiesjc,54,R,N,56,50
schiesjc,55,R,N,56,50
schiesjc,56,R,N,56,50
bell2ml,1,BR,N,56,48
bell2ml,2,G,L,56,48
bell2ml,3,G,N,56,48
bell2ml,4,Y,L,56,48
bell2ml,5,R,N,56,48
bell2ml,6,BR,L,56,48
bell2ml,7,Y,L,56,48
bell2ml,8,BR,L,56,48
bell2ml,9,BR,L,56,48
bell2ml,10,R,N,56,48
bell2ml,11,BL,L,56,48
bell2ml,12,BL,L,56,48
bell2ml,13,Y,L,56,48
bell2ml,14,O,L,56,48
bell2ml,15,BR,L,56,48
bell2ml,16,R,N,56,48
bell2ml,17,O,M,56,48
bell2ml,18,BL,N,56,48
bell2ml,19,BL,M,56,48
bell2ml,20,R,N,56,48
bell2ml,21,Y,N,56,48
bell2ml,23,BR,L,56,48
bell2ml,24,BR,N,56,48
bell2ml,25,R,N,56,48
bell2ml,26,BR,N,56,48
bell2ml,27,O,N,56,48
bell2ml,28,BR,L,56,48
bell2ml,29,BR,L,56,48
bell2ml,30,R,N,56,48
bell2ml,31,BR,L,56,48
bell2ml,32,G,L,56,48
bell2ml,34,G,L,56,48
bell2ml,35,G,N,56,48
bell2ml,36,G,N,56,48
bell2ml,37,BL,N,56,48
bell2ml,38,O,L,56,48
bell2ml,39,G,L,56,48
bell2ml,40,O,N,56,48
bell2ml,41,O,N,56,48
bell2ml,42,O,C,56,48
bell2ml,43,BR,L,56,48
bell2ml,44,G,N,56,48
bell2ml,45,R,N,56,48
bell2ml,46,BL,M,56,48
bell2ml,47,R,N,56,48
bell2ml,48,BR,C,56,48
bell2ml,49,BR,L,56,48
bell2ml,50,BL,L,56,48
bell2ml,51,R,N,56,48
bell2ml,52,Y,N,56,48
bell2ml,53,G,L,56,48
bell2ml,54,G,L,56,48
bell2ml,55,O,N,56,48
bell2ml,56,G,N,56,48
edejerrr,1,R,N,61,42
edejerrr,2,G,N,61,42
edejerrr,3,O,L,61,42
edejerrr,4,G,L,61,42
edejerrr,5,BL,L,61,42
edejerrr,6,R,L,61,42
edejerrr,7,BR,N,61,42
edejerrr,8,R,L,61,42
edejerrr,9,O,L,61,42
edejerrr,10,BL,N,61,42
edejerrr,11,BR,L,61,42
edejerrr,12,BL,N,61,42
edejerrr,13,G,N,61,42
edejerrr,14,BR,C,61,42
edejerrr,15,BR,N,61,42
edejerrr,16,Y,L,61,42
edejerrr,17,O,C,61,42
edejerrr,18,BR,C,61,42
edejerrr,19,Y,L,61,42
edejerrr,20,O,M,61,42
edejerrr,21,O,M,61,42
edejerrr,22,G,L,61,42
edejerrr,23,G,N,61,42
edejerrr,24,O,C,61,42
edejerrr,25,BR,N,61,42
edejerrr,26,BL,N,61,42
edejerrr,27,Y,N,61,42
edejerrr,28,BL,N,61,42
edejerrr,29,BR,L,61,42
edejerrr,30,BL,N,61,42
edejerrr,31,BR,N,61,42
edejerrr,32,O,C,61,42
edejerrr,33,G,M,61,42
edejerrr,34,BR,C,61,42
edejerrr,35,BL,N,61,42
edejerrr,36,R,L,61,42
edejerrr,37,R,N,61,42
edejerrr,38,BL,N,61,42
edejerrr,39,BR,N,61,42
edejerrr,40,G,C,61,42
edejerrr,41,BL,L,61,42
edejerrr,42,BL,N,61,42
edejerrr,43,Y,N,61,42
edejerrr,44,R,C,61,42
edejerrr,45,R,N,61,42
edejerrr,46,BR,N,61,42
edejerrr,47,BL,C,61,42
edejerrr,48,G,N,61,42
edejerrr,49,O,C,61,42
edejerrr,50,BR,C,61,42
edejerrr,51,G,C,61,42
edejerrr,52,G,C,61,42
edejerrr,53,G,C,61,42
edejerrr,54,O,L,61,42
edejerrr,55,BR,L,61,42
edejerrr,56,Y,L,61,42
edejerrr,57,R,N,61,42
edejerrr,58,O,L,61,42
edejerrr,59,O,N,61,42
edejerrr,60,R,N,61,42
edejerrr,61,BR,M,61,42
overbyjc,1,BL,M,58,52
overbyjc,2,R,N,58,52
overbyjc,3,BL,N,58,52
overbyjc,4,BL,L,58,52
overbyjc,5,BR,M,58,52
overbyjc,6,R,M,58,52
overbyjc,7,BL,L,58,52
overbyjc,8,BR,L,58,52
overbyjc,9,BR,N,58,52
overbyjc,10,Y,N,58,52
overbyjc,11,R,N,58,52
overbyjc,12,BL,N,58,52
overbyjc,13,R,M,58,52
overbyjc,14,BR,C,58,52
overbyjc,15,BR,N,58,52
overbyjc,16,BR,L,58,52
overbyjc,17,BR,N,58,52
overbyjc,18,Y,N,58,52
overbyjc,19,G,C,58,52
overbyjc,20,O,C,58,52
overbyjc,21,Y,L,58,52
overbyjc,22,BR,C,58,52
overbyjc,23,BL,L,58,52
overbyjc,24,O,L,58,52
overbyjc,25,Y,M,58,52
overbyjc,26,O,L,58,52
overbyjc,27,O,N,58,52
overbyjc,28,BL,L,58,52
overbyjc,29,BR,N,58,52
overbyjc,30,BR,C,58,52
overbyjc,31,R,N,58,52
overbyjc,32,BR,N,58,52
overbyjc,33,BR,N,58,52
overbyjc,34,O,L,58,52
overbyjc,35,R,L,58,52
overbyjc,36,Y,L,58,52
overbyjc,37,O,N,58,52
overbyjc,38,G,N,58,52
overbyjc,39,BL,M,58,52
overbyjc,40,BR,N,58,52
overbyjc,41,BR,L,58,52
overbyjc,42,BR,L,58,52
overbyjc,43,O,L,58,52
overbyjc,44,BR,N,58,52
overbyjc,45,O,N,58,52
overbyjc,46,R,N,58,52
overbyjc,47,O,L,58,52
overbyjc,48,BL,M,58,52
overbyjc,49,BR,M,58,52
overbyjc,50,BR,L,58,52
overbyjc,51,BL,L,58,52
overbyjc,52,BR,L,58,52
overbyjc,53,R,N,58,52
overbyjc,54,BL,C,58,52
overbyjc,55,BL,N,58,52
overbyjc,56,R,N,58,52
overbyjc,57,G,N,58,52
overbyjc,58,G,M,58,52
golds2gd,1,BL,N,59,48
golds2gd,2,BR,N,59,48
golds2gd,3,O,N,59,48
golds2gd,4,O,L,59,48
golds2gd,5,BR,N,59,48
golds2gd,6,G,N,59,48
golds2gd,7,BL,L,59,48
golds2gd,8,BR,N,59,48
golds2gd,9,BL,M,59,48
golds2gd,10,G,L,59,48
golds2gd,11,BR,N,59,48
golds2gd,12,BL,L,59,48
golds2gd,13,BR,L,59,48
golds2gd,14,O,N,59,48
golds2gd,15,BL,N,59,48
golds2gd,16,Y,N,59,48
golds2gd,17,BR,L,59,48
golds2gd,18,R,N,59,48
golds2gd,19,BR,N,59,48
golds2gd,20,R,N,59,48
golds2gd,22,BR,M,59,48
golds2gd,23,G,N,59,48
golds2gd,24,BR,N,59,48
golds2gd,25,Y,N,59,48
golds2gd,26,BL,N,59,48
golds2gd,27,G,L,59,48
golds2gd,28,O,N,59,48
golds2gd,29,BL,N,59,48
golds2gd,30,BR,N,59,48
golds2gd,31,BR,N,59,48
golds2gd,32,R,N,59,48
golds2gd,34,BR,L,59,48
golds2gd,35,Y,L,59,48
golds2gd,36,BR,N,59,48
golds2gd,37,R,L,59,48
golds2gd,38,BL,N,59,48
golds2gd,39,BR,N,59,48
golds2gd,40,O,N,59,48
golds2gd,41,G,N,59,48
golds2gd,42,O,N,59,48
golds2gd,43,Y,L,59,48
golds2gd,44,BR,L,59,48
golds2gd,45,BR,L,59,48
golds2gd,46,BL,N,59,48
golds2gd,47,Y,N,59,48
golds2gd,48,BL,N,59,48
golds2gd,49,Y,N,59,48
golds2gd,50,BR,N,59,48
golds2gd,51,G,N,59,48
golds2gd,52,BL,N,59,48
golds2gd,53,BL,L,59,48
golds2gd,54,BL,L,59,48
golds2gd,55,BR,N,59,48
golds2gd,56,O,N,59,48
golds2gd,57,BL,N,59,48
golds2gd,58,BL,C,59,48
golds2gd,59,G,N,59,48
Wolfelc,1,BR,N,57,51
Wolfelc,2,BR,L,57,51
Wolfelc,3,BL,N,57,51
Wolfelc,4,O,N,57,51
Wolfelc,5,BR,N,57,51
Wolfelc,6,Y,L,57,51
Wolfelc,7,BL,N,57,51
Wolfelc,8,BR,L,57,51
Wolfelc,9,BR,L,57,51
Wolfelc,10,R,N,57,51
Wolfelc,11,G,N,57,51
Wolfelc,12,BR,N,57,51
Wolfelc,13,O,L,57,51
Wolfelc,14,R,N,57,51
Wolfelc,15,BL,N,57,51
Wolfelc,16,BL,N,57,51
Wolfelc,17,BR,N,57,51
Wolfelc,18,R,N,57,51
Wolfelc,19,G,L,57,51
Wolfelc,20,Y,N,57,51
Wolfelc,21,G,N,57,51
Wolfelc,22,G,N,57,51
Wolfelc,23,BL,L,57,51
Wolfelc,24,BR,N,57,51
Wolfelc,25,BR,L,57,51
Wolfelc,26,BR,L,57,51
Wolfelc,27,BR,M,57,51
Wolfelc,28,O,M,57,51
Wolfelc,29,BR,L,57,51
Wolfelc,30,R,L,57,51
Wolfelc,31,O,C,57,51
Wolfelc,32,BR,N,57,51
Wolfelc,33,R,C,57,51
Wolfelc,34,G,C,57,51
Wolfelc,35,G,N,57,51
Wolfelc,36,BR,N,57,51
Wolfelc,37,BR,N,57,51
Wolfelc,38,BR,N,57,51
Wolfelc,39,Y,N,57,51
Wolfelc,40,Y,N,57,51
Wolfelc,41,R,N,57,51
Wolfelc,42,R,L,57,51
Wolfelc,43,BL,N,57,51
Wolfelc,44,G,N,57,51
Wolfelc,45,G,C,57,51
Wolfelc,46,G,N,57,51
Wolfelc,47,BR,N,57,51
Wolfelc,48,O,N,57,51
Wolfelc,49,G,N,57,51
Wolfelc,50,G,L,57,51
Wolfelc,51,O,N,57,51
Wolfelc,52,O,C,57,51
Wolfelc,53,R,N,57,51
Wolfelc,54,R,L,57,51
Wolfelc,55,BL,L,57,51
Wolfelc,56,G,L,57,51
Wolfelc,57,BR,N,57,51
henriqta,1,O,N,58,50
henriqta,2,R,N,58,50
henriqta,3,BR,N,58,50
henriqta,4,BR,N,58,50
henriqta,5,BR,N,58,50
henriqta,6,BL,L,58,50
henriqta,7,BL,L,58,50
henriqta,8,BL,L,58,50
henriqta,9,R,L,58,50
henriqta,10,G,L,58,50
henriqta,11,BR,N,58,50
henriqta,12,BR,N,58,50
henriqta,13,O,N,58,50
henriqta,14,G,L,58,50
henriqta,15,R,N,58,50
henriqta,16,G,L,58,50
henriqta,17,R,L,58,50
henriqta,18,BL,N,58,50
henriqta,19,O,N,58,50
henriqta,20,R,L,58,50
henriqta,21,BR,N,58,50
henriqta,22,G,N,58,50
henriqta,23,G,N,58,50
henriqta,24,G,M,58,50
henriqta,25,BR,N,58,50
henriqta,26,O,L,58,50
henriqta,27,Y,L,58,50
henriqta,28,O,C,58,50
henriqta,29,BR,N,58,50
henriqta,30,G,N,58,50
henriqta,31,G,N,58,50
henriqta,32,O,N,58,50
henriqta,33,G,N,58,50
henriqta,34,BL,L,58,50
henriqta,35,R,N,58,50
henriqta,36,Y,N,58,50
henriqta,37,G,N,58,50
henriqta,38,G,N,58,50
henriqta,39,BR,L,58,50
henriqta,40,BR,M,58,50
henriqta,41,O,M,58,50
henriqta,42,G,N,58,50
henriqta,43,BR,L,58,50
henriqta,44,G,N,58,50
henriqta,45,BL,N,58,50
henriqta,46,G,L,58,50
henriqta,47,O,L,58,50
henriqta,48,BL,L,58,50
henriqta,49,BR,L,58,50
henriqta,50,BL,L,58,50
henriqta,51,R,N,58,50
henriqta,52,R,N,58,50
henriqta,53,G,M,58,50
henriqta,54,BR,N,58,50
henriqta,55,BR,L,58,50
henriqta,56,G,L,58,50
henriqta,57,Y,L,58,50
henriqta,58,Y,N,58,50
suterbs,1,R,N,57,51
suterbs,2,O,N,57,51
suterbs,3,R,N,57,51
suterbs,4,BR,L,57,51
suterbs,5,BR,N,57,51
suterbs,6,G,L,57,51
suterbs,7,BL,N,57,51
suterbs,8,G,M,57,51
suterbs,9,BR,N,57,51
suterbs,10,O,N,57,51
suterbs,11,BR,N,57,51
suterbs,12,G,L,57,51
suterbs,13,O,L,57,51
suterbs,14,G,N,57,51
suterbs,15,BL,N,57,51
suterbs,16,BL,N,57,51
suterbs,17,G,N,57,51
suterbs,18,BL,N,57,51
suterbs,19,BR,L,57,51
suterbs,20,Y,N,57,51
suterbs,21,O,N,57,51
suterbs,22,BL,N,57,51
suterbs,23,G,N,57,51
suterbs,24,G,N,57,51
suterbs,25,BR,N,57,51
suterbs,26,G,N,57,51
suterbs,27,Y,N,57,51
suterbs,28,G,N,57,51
suterbs,29,BL,N,57,51
suterbs,30,O,N,57,51
suterbs,31,BR,L,57,51
suterbs,32,G,N,57,51
suterbs,33,R,N,57,51
suterbs,34,BR,N,57,51
suterbs,35,Y,L,57,51
suterbs,36,BL,N,57,51
suterbs,37,BR,N,57,51
suterbs,38,Y,N,57,51
suterbs,39,G,N,57,51
suterbs,40,G,N,57,51
suterbs,41,O,N,57,51
suterbs,42,R,N,57,51
suterbs,43,G,L,57,51
suterbs,44,BL,L,57,51
suterbs,45,O,L,57,51
suterbs,46,O,L,57,51
suterbs,47,BR,N,57,51
suterbs,48,BL,N,57,51
suterbs,49,BR,C,57,51
suterbs,50,R,N,57,51
suterbs,51,G,L,57,51
suterbs,52,BL,N,57,51
suterbs,53,G,N,57,51
suterbs,54,G,L,57,51
suterbs,55,BL,L,57,51
suterbs,56,BL,L,57,51
suterbs,57,G,L,57,51
janigaek,1,Y,N,57,51
janigaek,2,O,C,57,51
janigaek,3,R,N,57,51
janigaek,4,R,L,57,51
janigaek,5,O,N,57,51
janigaek,6,BR,N,57,51
janigaek,7,BL,N,57,51
janigaek,8,O,M,57,51
janigaek,9,G,L,57,51
janigaek,10,BR,L,57,51
janigaek,11,BR,N,57,51
janigaek,12,BL,L,57,51
janigaek,13,BL,N,57,51
janigaek,14,BR,N,57,51
janigaek,15,O,N,57,51
janigaek,16,BR,L,57,51
janigaek,17,BR,L,57,51
janigaek,18,BR,N,57,51
janigaek,19,BR,L,57,51
janigaek,20,BR,L,57,51
janigaek,21,R,L,57,51
janigaek,22,O,C,57,51
janigaek,23,G,N,57,51
janigaek,24,O,N,57,51
janigaek,25,BL,N,57,51
janigaek,26,G,N,57,51
janigaek,27,BR,N,57,51
janigaek,28,R,L,57,51
janigaek,29,BR,N,57,51
janigaek,30,G,C,57,51
janigaek,31,BR,L,57,51
janigaek,32,R,N,57,51
janigaek,33,BL,C,57,51
janigaek,34,Y,C,57,51
janigaek,35,BL,L,57,51
janigaek,36,BR,M,57,51
janigaek,37,Y,N,57,51
janigaek,38,BR,N,57,51
janigaek,39,BR,M,57,51
janigaek,40,Y,N,57,51
janigaek,41,BL,N,57,51
janigaek,42,R,N,57,51
janigaek,43,R,N,57,51
janigaek,44,BL,M,57,51
janigaek,45,Y,C,57,51
janigaek,46,BR,N,57,51
janigaek,47,BR,N,57,51
janigaek,48,BR,C,57,51
janigaek,49,O,L,57,51
janigaek,50,G,M,57,51
janigaek,51,G,N,57,51
janigaek,52,G,N,57,51
janigaek,53,R,L,57,51
janigaek,54,R,N,57,51
janigaek,55,Y,L,57,51
janigaek,56,G,N,57,51
janigaek,57,G,L,57,51
Tangbl,1,BL,N,55,50
Tangbl,2,BL,L,55,50
Tangbl,3,BL,L,55,50
Tangbl,4,BL,N,55,50
Tangbl,5,BL,L,55,50
Tangbl,6,BL,N,55,50
Tangbl,7,BL,L,55,50
Tangbl,8,BL,L,55,50
Tangbl,9,BL,L,55,50
Tangbl,10,BL,L,55,50
Tangbl,11,BL,L,55,50
Tangbl,12,BL,L,55,50
Tangbl,13,BL,N,55,50
Tangbl,14,BL,N,55,50
Tangbl,15,BL,N,55,50
Tangbl,16,BL,N,55,50
Tangbl,17,BL,N,55,50
Tangbl,18,BL,N,55,50
Tangbl,19,R,L,55,50
Tangbl,20,R,L,55,50
Tangbl,21,R,N,55,50
Tangbl,22,R,N,55,50
Tangbl,23,R,N,55,50
Tangbl,24,R,N,55,50
Tangbl,25,R,N,55,50
Tangbl,26,R,N,55,50
Tangbl,27,R,N,55,50
Tangbl,28,BR,L,55,50
Tangbl,29,BR,L,55,50
Tangbl,30,BR,L,55,50
Tangbl,31,BR,L,55,50
Tangbl,32,BR,L,55,50
Tangbl,33,BR,L,55,50
Tangbl,34,BR,N,55,50
Tangbl,35,BR,N,55,50
Tangbl,36,BR,N,55,50
Tangbl,37,BR,N,55,50
Tangbl,38,G,L,55,50
Tangbl,39,G,L,55,50
Tangbl,40,G,N,55,50
Tangbl,41,G,N,55,50
Tangbl,42,G,N,55,50
Tangbl,43,Y,L,55,50
Tangbl,44,Y,L,55,50
Tangbl,45,Y,N,55,50
Tangbl,46,Y,N,55,50
Tangbl,47,O,L,55,50
Tangbl,48,O,L,55,50
Tangbl,49,O,L,55,50
Tangbl,50,O,L,55,50
Tangbl,51,O,L,55,50
Tangbl,52,O,N,55,50
Tangbl,53,O,N,55,50
Tangbl,54,O,N,55,50
Tangbl,55,O,N,55,50
COCKRACJ,1,R,L,55,48
COCKRACJ,2,BL,N,55,48
COCKRACJ,3,O,N,55,48
COCKRACJ,4,O,L,55,48
COCKRACJ,5,G,L,55,48
COCKRACJ,6,BL,L,55,48
COCKRACJ,7,BR,L,55,48
COCKRACJ,8,O,N,55,48
COCKRACJ,9,O,N,55,48
COCKRACJ,10,O,N,55,48
COCKRACJ,11,O,N,55,48
COCKRACJ,12,BL,N,55,48
COCKRACJ,13,G,N,55,48
COCKRACJ,14,G,L,55,48
COCKRACJ,15,BR,N,55,48
COCKRACJ,16,BR,N,55,48
COCKRACJ,17,O,N,55,48
COCKRACJ,18,O,L,55,48
COCKRACJ,19,BL,N,55,48
COCKRACJ,20,R,N,55,48
COCKRACJ,21,BR,N,55,48
COCKRACJ,22,BR,N,55,48
COCKRACJ,23,BR,N,55,48
COCKRACJ,24,G,N,55,48
COCKRACJ,25,G,L,55,48
COCKRACJ,26,G,N,55,48
COCKRACJ,27,G,L,55,48
COCKRACJ,28,BL,L,55,48
COCKRACJ,29,BR,N,55,48
COCKRACJ,30,BR,L,55,48
COCKRACJ,31,BR,N,55,48
COCKRACJ,32,R,N,55,48
COCKRACJ,33,BL,N,55,48
COCKRACJ,34,BR,L,55,48
COCKRACJ,35,BR,L,55,48
COCKRACJ,36,R,N,55,48
COCKRACJ,37,R,N,55,48
COCKRACJ,38,BR,N,55,48
COCKRACJ,39,G,L,55,48
COCKRACJ,40,Y,L,55,48
COCKRACJ,41,BR,L,55,48
COCKRACJ,42,G,L,55,48
COCKRACJ,43,G,N,55,48
COCKRACJ,44,G,N,55,48
COCKRACJ,45,Y,N,55,48
COCKRACJ,46,BR,L,55,48
COCKRACJ,47,BL,N,55,48
COCKRACJ,48,BL,N,55,48
COCKRACJ,49,BR,N,55,48
COCKRACJ,50,BR,N,55,48
COCKRACJ,51,Y,L,55,48
COCKRACJ,52,BR,N,55,48
COCKRACJ,53,BL,L,55,48
COCKRACJ,54,BR,N,55,48
COCKRACJ,55,O,L,55,48
sungelee,1,O,L,56,49
sungelee,2,O,L,56,49
sungelee,3,G,N,56,49
sungelee,4,Y,L,56,49
sungelee,5,Y,N,56,49
sungelee,6,BL,N,56,49
sungelee,7,O,N,56,49
sungelee,8,O,L,56,49
sungelee,9,BL,N,56,49
sungelee,10,G,N,56,49
sungelee,11,BL,N,56,49
sungelee,12,R,N,56,49
sungelee,13,BR,N,56,49
sungelee,14,BR,N,56,49
sungelee,15,BR,M,56,49
sungelee,16,R,N,56,49
sungelee,17,Y,L,56,49
sungelee,18,BL,N,56,49
sungelee,19,BL,N,56,49
sungelee,20,O,N,56,49
sungelee,21,Y,N,56,49
sungelee,22,G,N,56,49
sungelee,23,G,L,56,49
sungelee,24,R,N,56,49
sungelee,25,Y,N,56,49
sungelee,26,BR,M,56,49
sungelee,27,G,L,56,49
sungelee,28,R,N,56,49
sungelee,29,O,N,56,49
sungelee,30,R,N,56,49
sungelee,31,R,N,56,49
sungelee,32,G,N,56,49
sungelee,33,BL,L,56,49
sungelee,34,Y,L,56,49
sungelee,35,R,N,56,49
sungelee,36,G,N,56,49
sungelee,37,O,C,56,49
sungelee,38,BL,C,56,49
sungelee,39,G,N,56,49
sungelee,40,BL,N,56,49
sungelee,41,O,N,56,49
sungelee,42,R,L,56,49
sungelee,43,BR,M,56,49
sungelee,44,BR,N,56,49
sungelee,45,R,N,56,49
sungelee,46,R,N,56,49
sungelee,47,O,N,56,49
sungelee,48,O,L,56,49
sungelee,49,O,N,56,49
sungelee,50,O,L,56,49
sungelee,51,G,L,56,49
sungelee,52,BL,N,56,49
sungelee,53,BL,L,56,49
sungelee,54,BR,L,56,49
sungelee,55,BR,N,56,49
sungelee,56,BL,M,56,49
hooveret,1,BR,C,53,50
hooveret,2,BL,N,53,50
hooveret,3,BR,L,53,50
hooveret,4,BR,N,53,50
hooveret,5,BR,M,53,50
hooveret,6,BR,L,53,50
hooveret,7,G,N,53,50
hooveret,8,BR,N,53,50
hooveret,9,G,L,53,50
hooveret,10,O,N,53,50
hooveret,11,O,N,53,50
hooveret,12,BL,L,53,50
hooveret,13,BL,N,53,50
hooveret,14,G,N,53,50
hooveret,15,O,N,53,50
hooveret,16,R,N,53,50
hooveret,17,O,L,53,50
hooveret,18,BL,N,53,50
hooveret,19,G,N,53,50
hooveret,20,BL,N,53,50
hooveret,21,BL,N,53,50
hooveret,22,BR,N,53,50
hooveret,23,BR,N,53,50
hooveret,24,BL,N,53,50
hooveret,25,BR,L,53,50
hooveret,26,BL,C,53,50
hooveret,27,O,L,53,50
hooveret,28,O,N,53,50
hooveret,29,BL,N,53,50
hooveret,30,BL,N,53,50
hooveret,31,BR,N,53,50
hooveret,32,O,L,53,50
hooveret,33,O,C,53,50
hooveret,34,BL,L,53,50
hooveret,35,O,N,53,50
hooveret,36,O,N,53,50
hooveret,37,G,N,53,50
hooveret,38,BR,N,53,50
hooveret,39,BL,N,53,50
hooveret,40,BL,C,53,50
hooveret,41,BR,N,53,50
hooveret,42,BR,L,53,50
hooveret,43,R,N,53,50
hooveret,44,R,N,53,50
hooveret,45,O,N,53,50
hooveret,46,BL,L,53,50
hooveret,47,BR,N,53,50
hooveret,48,G,L,53,50
hooveret,49,R,N,53,50
hooveret,50,BR,L,53,50
hooveret,51,BL,N,53,50
hooveret,52,BL,N,53,50
hooveret,53,Y,L,53,50
mageema,1,Y,N,57,51
mageema,2,BL,L,57,51
mageema,3,BR,N,57,51
mageema,4,BL,L,57,51
mageema,5,BR,L,57,51
mageema,6,O,M,57,51
mageema,7,G,N,57,51
mageema,8,BL,N,57,51
mageema,9,BR,M,57,51
mageema,10,R,N,57,51
mageema,11,O,L,57,51
mageema,12,O,L,57,51
mageema,13,G,L,57,51
mageema,14,BR,N,57,51
mageema,15,BR,C,57,51
mageema,16,BR,N,57,51
mageema,17,R,L,57,51
mageema,18,O,L,57,51
mageema,19,BR,M,57,51
mageema,20,BR,L,57,51
mageema,21,G,N,57,51
mageema,22,BL,M,57,51
mageema,23,BR,N,57,51
mageema,24,BR,N,57,51
mageema,25,BL,N,57,51
mageema,26,G,L,57,51
mageema,27,R,L,57,51
mageema,28,BR,M,57,51
mageema,29,G,M,57,51
mageema,30,R,L,57,51
mageema,31,BR,N,57,51
mageema,32,R,N,57,51
mageema,33,R,N,57,51
mageema,34,Y,L,57,51
mageema,35,G,N,57,51
mageema,36,G,L,57,51
mageema,37,BR,L,57,51
mageema,38,BL,N,57,51
mageema,39,R,N,57,51
mageema,40,O,N,57,51
mageema,41,BL,N,57,51
mageema,42,O,N,57,51
mageema,43,R,C,57,51
mageema,44,Y,N,57,51
mageema,45,BL,N,57,51
mageema,46,G,N,57,51
mageema,47,BR,M,57,51
mageema,48,BR,L,57,51
mageema,49,G,L,57,51
mageema,50,BL,L,57,51
mageema,51,Y,L,57,51
mageema,52,O,C,57,51
mageema,53,R,L,57,51
mageema,54,G,N,57,51
mageema,55,BR,N,57,51
mageema,56,O,L,57,51
mageema,57,G,L,57,51
light2ra,1,G,N,57,49
light2ra,2,G,C,57,49
light2ra,3,G,N,57,49
light2ra,4,G,L,57,49
light2ra,5,G,N,57,49
light2ra,6,G,N,57,49
light2ra,7,G,L,57,49
light2ra,8,G,N,57,49
light2ra,9,BR,L,57,49
light2ra,10,BL,L,57,49
light2ra,11,BR,L,57,49
light2ra,12,BR,L,57,49
light2ra,13,Y,N,57,49
light2ra,14,Y,L,57,49
light2ra,15,O,L,57,49
light2ra,16,Y,L,57,49
light2ra,17,Y,C,57,49
light2ra,18,O,L,57,49
light2ra,19,O,L,57,49
light2ra,20,BL,L,57,49
light2ra,21,BL,N,57,49
light2ra,22,O,N,57,49
light2ra,23,BL,N,57,49
light2ra,24,O,N,57,49
light2ra,25,O,L,57,49
light2ra,26,BR,N,57,49
light2ra,27,Y,N,57,49
light2ra,28,BL,N,57,49
light2ra,29,BL,N,57,49
light2ra,30,BL,N,57,49
light2ra,31,BL,L,57,49
light2ra,32,BR,N,57,49
light2ra,33,BR,N,57,49
light2ra,34,O,L,57,49
light2ra,35,R,L,57,49
light2ra,36,R,N,57,49
light2ra,37,R,N,57,49
light2ra,38,R,N,57,49
light2ra,39,R,N,57,49
light2ra,40,BL,N,57,49
light2ra,41,R,L,57,49
light2ra,42,Y,L,57,49
light2ra,43,O,N,57,49
light2ra,44,BR,L,57,49
light2ra,45,R,N,57,49
light2ra,46,BR,N,57,49
light2ra,47,BL,L,57,49
light2ra,48,R,N,57,49
light2ra,49,BL,L,57,49
light2ra,50,BR,L,57,49
light2ra,51,O,L,57,49
light2ra,52,O,L,57,49
light2ra,53,Y,L,57,49
light2ra,54,R,N,57,49
light2ra,55,BR,N,57,49
light2ra,56,BL,L,57,49
light2ra,57,Y,N,57,49
hellerem,1,O,C,53,47
hellerem,2,BR,N,53,47
hellerem,3,R,N,53,47
hellerem,4,G,N,53,47
hellerem,5,BR,N,53,47
hellerem,6,Y,N,53,47
hellerem,7,O,N,53,47
hellerem,8,O,N,53,47
hellerem,9,O,N,53,47
hellerem,10,O,C,53,47
hellerem,11,R,L,53,47
hellerem,12,R,N,53,47
hellerem,13,R,N,53,47
hellerem,14,BR,N,53,47
hellerem,15,BL,N,53,47
hellerem,16,Y,N,53,47
hellerem,17,R,N,53,47
hellerem,18,Y,N,53,47
hellerem,19,G,N,53,47
hellerem,20,G,N,53,47
hellerem,21,R,N,53,47
hellerem,22,G,N,53,47
hellerem,23,BR,N,53,47
hellerem,24,BR,N,53,47
hellerem,25,Y,N,53,47
hellerem,26,G,N,53,47
hellerem,27,BR,N,53,47
hellerem,28,O,M,53,47
hellerem,29,BR,C,53,47
hellerem,30,BR,L,53,47
hellerem,31,BR,N,53,47
hellerem,32,O,N,53,47
hellerem,33,R,N,53,47
hellerem,34,BR,N,53,47
hellerem,35,G,N,53,47
hellerem,36,BR,N,53,47
hellerem,37,BR,N,53,47
hellerem,38,G,N,53,47
hellerem,39,BR,N,53,47
hellerem,40,BR,N,53,47
hellerem,41,BR,N,53,47
hellerem,42,Y,N,53,47
hellerem,43,R,N,53,47
hellerem,44,R,N,53,47
hellerem,45,R,N,53,47
hellerem,46,BL,N,53,47
hellerem,47,BL,N,53,47
hellerem,48,BL,N,53,47
hellerem,49,O,N,53,47
hellerem,50,G,L,53,47
hellerem,51,BR,N,53,47
hellerem,52,O,N,53,47
hellerem,53,Y,N,53,47
burrisss,1,G,N,54,49
burrisss,2,BR,L,54,49
burrisss,3,R,L,54,49
burrisss,4,BL,N,54,49
burrisss,5,O,L,54,49
burrisss,6,BL,L,54,49
burrisss,7,BR,L,54,49
burrisss,8,G,N,54,49
burrisss,9,BL,L,54,49
burrisss,10,BL,N,54,49
burrisss,11,BL,L,54,49
burrisss,12,BR,N,54,49
burrisss,13,BL,L,54,49
burrisss,14,BL,N,54,49
burrisss,15,G,L,54,49
burrisss,16,Y,L,54,49
burrisss,17,R,C,54,49
burrisss,18,G,L,54,49
burrisss,19,R,L,54,49
burrisss,20,R,L,54,49
burrisss,21,R,L,54,49
burrisss,22,BR,L,54,49
burrisss,23,G,N,54,49
burrisss,24,Y,L,54,49
burrisss,25,R,N,54,49
burrisss,26,BL,N,54,49
burrisss,27,BL,N,54,49
burrisss,28,R,N,54,49
burrisss,29,BR,L,54,49
burrisss,30,Y,N,54,49
burrisss,31,G,M,54,49
burrisss,32,BR,N,54,49
burrisss,33,G,N,54,49
burrisss,34,G,N,54,49
burrisss,35,Y,L,54,49
burrisss,36,Y,L,54,49
burrisss,37,Y,N,54,49
burrisss,38,BR,C,54,49
burrisss,39,BR,L,54,49
burrisss,40,BR,N,54,49
burrisss,41,G,L,54,49
burrisss,42,R,L,54,49
burrisss,43,R,L,54,49
burrisss,44,O,N,54,49
burrisss,45,G,N,54,49
burrisss,46,BR,N,54,49
burrisss,47,BL,L,54,49
burrisss,48,O,L,54,49
burrisss,49,G,M,54,49
burrisss,50,BR,N,54,49
burrisss,51,BL,M,54,49
burrisss,52,BR,M,54,49
burrisss,53,Y,L,54,49
burrisss,54,BL,N,54,49
placeba,1,G,L,55,48
placeba,2,G,L,55,48
placeba,3,G,L,55,48
placeba,4,G,N,55,48
placeba,5,G,N,55,48
placeba,6,G,N,55,48
placeba,7,G,L,55,48
placeba,8,G,C,55,48
placeba,9,Y,N,55,48
placeba,10,Y,N,55,48
placeba,11,Y,N,55,48
placeba,12,Y,N,55,48
placeba,13,O,C,55,48
placeba,14,O,N,55,48
placeba,15,O,N,55,48
placeba,16,O,N,55,48
placeba,17,O,N,55,48
placeba,18,O,N,55,48
placeba,19,O,N,55,48
placeba,20,O,N,55,48
placeba,21,R,N,55,48
placeba,22,R,C,55,48
placeba,23,R,N,55,48
placeba,24,R,N,55,48
placeba,25,R,N,55,48
placeba,26,R,N,55,48
placeba,27,BL,N,55,48
placeba,28,BL,N,55,48
placeba,29,BL,N,55,48
placeba,30,BL,N,55,48
placeba,31,BL,N,55,48
placeba,32,BL,N,55,48
placeba,33,BL,N,55,48
placeba,34,BL,N,55,48
placeba,35,BL,N,55,48
placeba,36,BL,N,55,48
placeba,37,BR,N,55,48
placeba,38,BR,N,55,48
placeba,39,BR,N,55,48
placeba,40,BR,N,55,48
placeba,41,BR,N,55,48
placeba,42,BR,N,55,48
placeba,43,BR,N,55,48
placeba,44,BR,N,55,48
placeba,45,BR,N,55,48
placeba,46,BR,N,55,48
placeba,47,BR,N,55,48
placeba,48,BR,N,55,48
placeba,49,BR,N,55,48
placeba,50,BR,N,55,48
placeba,51,BR,N,55,48
placeba,52,BR,N,55,48
placeba,53,BR,N,55,48
placeba,54,BR,N,55,48
placeba,55,BR,N,55,48
lagodkrf,1,G,M,56,50
lagodkrf,2,G,N,56,50
lagodkrf,3,BR,C,56,50
lagodkrf,4,BL,L,56,50
lagodkrf,5,O,L,56,50
lagodkrf,6,Y,N,56,50
lagodkrf,7,R,N,56,50
lagodkrf,8,G,N,56,50
lagodkrf,9,Y,C,56,50
lagodkrf,10,G,L,56,50
lagodkrf,11,G,L,56,50
lagodkrf,12,BR,N,56,50
lagodkrf,13,O,N,56,50
lagodkrf,14,BR,N,56,50
lagodkrf,15,Y,C,56,50
lagodkrf,16,G,N,56,50
lagodkrf,17,BR,N,56,50
lagodkrf,18,G,N,56,50
lagodkrf,19,G,N,56,50
lagodkrf,20,O,N,56,50
lagodkrf,21,BL,M,56,50
lagodkrf,22,BL,L,56,50
lagodkrf,23,Y,L,56,50
lagodkrf,24,BR,N,56,50
lagodkrf,25,BR,N,56,50
lagodkrf,26,BR,L,56,50
lagodkrf,27,BR,L,56,50
lagodkrf,28,O,N,56,50
lagodkrf,29,O,L,56,50
lagodkrf,30,O,L,56,50
lagodkrf,31,O,N,56,50
lagodkrf,32,BL,N,56,50
lagodkrf,33,BL,N,56,50
lagodkrf,34,BL,N,56,50
lagodkrf,35,BL,L,56,50
lagodkrf,36,BL,N,56,50
lagodkrf,37,BR,N,56,50
lagodkrf,38,Y,N,56,50
lagodkrf,39,BR,N,56,50
lagodkrf,40,BL,N,56,50
lagodkrf,41,BL,N,56,50
lagodkrf,42,R,L,56,50
lagodkrf,43,G,N,56,50
lagodkrf,44,G,N,56,50
lagodkrf,45,BL,N,56,50
lagodkrf,46,BL,N,56,50
lagodkrf,47,G,N,56,50
lagodkrf,48,BR,N,56,50
lagodkrf,49,BR,N,56,50
lagodkrf,50,G,L,56,50
lagodkrf,51,BL,L,56,50
lagodkrf,52,Y,L,56,50
lagodkrf,53,R,M,56,50
lagodkrf,54,Y,N,56,50
lagodkrf,55,O,N,56,50
lagodkrf,56,O,N,56,50
lupatb,1,BL,N,55,50
lupatb,2,BL,N,55,50
lupatb,3,R,L,55,50
lupatb,4,Y,L,55,50
lupatb,5,BR,L,55,50
lupatb,6,G,N,55,50
lupatb,7,R,N,55,50
lupatb,8,G,N,55,50
lupatb,9,BR,C,55,50
lupatb,10,BR,L,55,50
lupatb,11,BL,N,55,50
lupatb,12,BR,L,55,50
lupatb,13,G,N,55,50
lupatb,14,BL,L,55,50
lupatb,15,O,L,55,50
lupatb,16,BR,L,55,50
lupatb,17,BL,N,55,50
lupatb,18,O,N,55,50
lupatb,19,BR,N,55,50
lupatb,20,R,N,55,50
lupatb,21,R,L,55,50
lupatb,22,O,C,55,50
lupatb,23,G,L,55,50
lupatb,24,BR,L,55,50
lupatb,25,BR,L,55,50
lupatb,26,BR,N,55,50
lupatb,27,O,N,55,50
lupatb,28,BR,L,55,50
lupatb,29,R,L,55,50
lupatb,30,BL,N,55,50
lupatb,31,BR,N,55,50
lupatb,32,R,N,55,50
lupatb,33,BL,L,55,50
lupatb,34,BL,N,55,50
lupatb,35,BL,N,55,50
lupatb,36,R,N,55,50
lupatb,37,O,N,55,50
lupatb,38,BR,L,55,50
lupatb,39,O,L,55,50
lupatb,40,G,N,55,50
lupatb,41,BL,N,55,50
lupatb,42,BL,L,55,50
lupatb,43,BR,N,55,50
lupatb,44,BL,L,55,50
lupatb,45,BR,N,55,50
lupatb,46,BL,N,55,50
lupatb,47,BR,L,55,50
lupatb,48,BR,N,55,50
lupatb,49,BR,N,55,50
lupatb,50,Y,L,55,50
lupatb,51,Y,N,55,50
lupatb,52,R,L,55,50
lupatb,53,G,L,55,50
lupatb,54,G,N,55,50
lupatb,55,BR,L,55,50
robin3mn,1,G,L,55,50
robin3mn,2,O,N,55,50
robin3mn,3,Y,L,55,50
robin3mn,4,G,M,55,50
robin3mn,5,Y,N,55,50
robin3mn,6,BR,N,55,50
robin3mn,7,BR,L,55,50
robin3mn,8,G,N,55,50
robin3mn,9,G,L,55,50
robin3mn,10,O,C,55,50
robin3mn,11,R,N,55,50
robin3mn,12,O,N,55,50
robin3mn,13,BR,N,55,50
robin3mn,14,BR,L,55,50
robin3mn,15,G,M,55,50
robin3mn,16,BR,L,55,50
robin3mn,17,G,N,55,50
robin3mn,18,R,N,55,50
robin3mn,19,G,L,55,50
robin3mn,20,BL,L,55,50
robin3mn,21,BR,L,55,50
robin3mn,22,R,N,55,50
robin3mn,23,BL,N,55,50
robin3mn,24,BR,N,55,50
robin3mn,25,BR,L,55,50
robin3mn,26,BL,L,55,50
robin3mn,27,BR,N,55,50
robin3mn,28,BL,L,55,50
robin3mn,29,BL,L,55,50
robin3mn,30,BL,N,55,50
robin3mn,31,BL,L,55,50
robin3mn,32,BR,N,55,50
robin3mn,33,BR,L,55,50
robin3mn,34,BL,N,55,50
robin3mn,35,BR,L,55,50
robin3mn,36,BR,N,55,50
robin3mn,37,BL,C,55,50
robin3mn,38,G,L,55,50
robin3mn,39,BR,N,55,50
robin3mn,40,G,N,55,50
robin3mn,41,BL,L,55,50
robin3mn,42,BR,N,55,50
robin3mn,43,BR,L,55,50
robin3mn,44,BL,N,55,50
robin3mn,45,BL,L,55,50
robin3mn,46,BL,N,55,50
robin3mn,47,BL,N,55,50
robin3mn,48,Y,L,55,50
robin3mn,49,Y,L,55,50
robin3mn,50,O,L,55,50
robin3mn,51,R,N,55,50
robin3mn,52,Y,N,55,50
robin3mn,53,BL,L,55,50
robin3mn,54,O,N,55,50
robin3mn,55,BR,L,55,50
jacks2gs,1,BR,L,55,50
jacks2gs,2,R,N,55,50
jacks2gs,3,O,L,55,50
jacks2gs,4,BR,L,55,50
jacks2gs,5,Y,N,55,50
jacks2gs,6,O,L,55,50
jacks2gs,7,BL,M,55,50
jacks2gs,8,O,N,55,50
jacks2gs,9,Y,L,55,50
jacks2gs,10,BL,L,55,50
jacks2gs,11,R,N,55,50
jacks2gs,12,O,N,55,50
jacks2gs,13,BL,L,55,50
jacks2gs,14,BL,L,55,50
jacks2gs,15,O,N,55,50
jacks2gs,16,BL,N,55,50
jacks2gs,17,BL,M,55,50
jacks2gs,18,G,N,55,50
jacks2gs,19,R,L,55,50
jacks2gs,20,BR,L,55,50
jacks2gs,21,BR,N,55,50
jacks2gs,22,O,N,55,50
jacks2gs,23,Y,L,55,50
jacks2gs,24,BR,L,55,50
jacks2gs,25,BR,L,55,50
jacks2gs,26,BR,L,55,50
jacks2gs,27,G,N,55,50
jacks2gs,28,BR,N,55,50
jacks2gs,29,R,L,55,50
jacks2gs,30,BL,N,55,50
jacks2gs,31,R,L,55,50
jacks2gs,32,R,N,55,50
jacks2gs,33,BL,L,55,50
jacks2gs,34,BL,N,55,50
jacks2gs,35,G,N,55,50
jacks2gs,36,R,L,55,50
jacks2gs,37,G,L,55,50
jacks2gs,38,BL,L,55,50
jacks2gs,39,BR,L,55,50
jacks2gs,40,O,L,55,50
jacks2gs,41,BL,L,55,50
jacks2gs,42,Y,L,55,50
jacks2gs,43,BR,L,55,50
jacks2gs,44,R,N,55,50
jacks2gs,45,BR,N,55,50
jacks2gs,46,BL,L,55,50
jacks2gs,47,R,N,55,50
jacks2gs,48,R,L,55,50
jacks2gs,49,O,N,55,50
jacks2gs,50,O,N,55,50
jacks2gs,51,BL,N,55,50
jacks2gs,52,BR,N,55,50
jacks2gs,53,BL,L,55,50
jacks2gs,54,BR,L,55,50
jacks2gs,55,O,L,55,50
fellenjd,1,O,N,57,51
fellenjd,2,BR,L,57,51
fellenjd,3,BR,M,57,51
fellenjd,4,O,N,57,51
fellenjd,5,R,L,57,51
fellenjd,6,R,N,57,51
fellenjd,7,G,L,57,51
fellenjd,8,O,L,57,51
fellenjd,9,BL,M,57,51
fellenjd,10,O,L,57,51
fellenjd,11,R,L,57,51
fellenjd,12,G,N,57,51
fellenjd,13,O,L,57,51
fellenjd,14,BR,L,57,51
fellenjd,15,BL,N,57,51
fellenjd,16,BL,N,57,51
fellenjd,17,O,L,57,51
fellenjd,18,G,L,57,51
fellenjd,19,BR,L,57,51
fellenjd,20,BL,N,57,51
fellenjd,21,G,N,57,51
fellenjd,22,BR,N,57,51
fellenjd,23,BR,M,57,51
fellenjd,24,G,N,57,51
fellenjd,25,BL,N,57,51
fellenjd,26,G,L,57,51
fellenjd,27,G,L,57,51
fellenjd,28,G,M,57,51
fellenjd,29,BR,N,57,51
fellenjd,30,O,N,57,51
fellenjd,31,Y,M,57,51
fellenjd,32,R,M,57,51
fellenjd,33,BL,M,57,51
fellenjd,34,G,L,57,51
fellenjd,35,BR,L,57,51
fellenjd,36,O,L,57,51
fellenjd,37,Y,N,57,51
fellenjd,38,BR,N,57,51
fellenjd,39,BL,L,57,51
fellenjd,40,BL,L,57,51
fellenjd,41,G,L,57,51
fellenjd,42,BR,M,57,51
fellenjd,43,O,N,57,51
fellenjd,44,Y,N,57,51
fellenjd,45,BL,L,57,51
fellenjd,46,BL,C,57,51
fellenjd,47,Y,M,57,51
fellenjd,48,BL,N,57,51
fellenjd,49,BR,N,57,51
fellenjd,50,R,N,57,51
fellenjd,51,G,N,57,51
fellenjd,52,BR,N,57,51
fellenjd,53,Y,L,57,51
fellenjd,54,G,L,57,51
fellenjd,55,G,L,57,51
fellenjd,56,R,M,57,51
fellenjd,57,BR,M,57,51
billaj,1,BL,N,56,48
billaj,2,O,C,56,48
billaj,3,O,N,56,48
billaj,4,G,N,56,48
billaj,5,G,C,56,48
billaj,6,BL,L,56,48
billaj,7,G,N,56,48
billaj,8,BR,L,56,48
billaj,9,BL,L,56,48
billaj,10,G,N,56,48
billaj,11,R,N,56,48
billaj,12,R,N,56,48
billaj,13,R,N,56,48
billaj,14,Y,N,56,48
billaj,15,G,L,56,48
billaj,16,BR,N,56,48
billaj,17,R,N,56,48
billaj,18,BL,C,56,48
billaj,19,BL,N,56,48
billaj,20,G,N,56,48
billaj,21,R,N,56,48
billaj,22,G,N,56,48
billaj,23,Y,N,56,48
billaj,24,Y,N,56,48
billaj,25,R,L,56,48
billaj,26,Y,C,56,48
billaj,27,O,C,56,48
billaj,28,BR,N,56,48
billaj,29,BL,L,56,48
billaj,30,BL,N,56,48
billaj,31,R,N,56,48
billaj,32,BR,N,56,48
billaj,33,G,N,56,48
billaj,34,BL,C,56,48
billaj,35,BR,M,56,48
billaj,36,R,N,56,48
billaj,37,Y,N,56,48
billaj,38,R,N,56,48
billaj,39,O,N,56,48
billaj,40,BL,N,56,48
billaj,41,BL,N,56,48
billaj,42,BL,C,56,48
billaj,43,BL,N,56,48
billaj,44,BL,N,56,48
billaj,45,BR,N,56,48
billaj,46,BR,N,56,48
billaj,47,BR,N,56,48
billaj,48,BR,N,56,48
billaj,49,G,N,56,48
billaj,50,G,N,56,48
billaj,51,G,L,56,48
billaj,52,R,N,56,48
billaj,53,O,C,56,48
billaj,54,O,N,56,48
billaj,55,O,N,56,48
billaj,56,O,N,56,48
lottnb,1,BL,N,56,50
lottnb,2,BL,M,56,50
lottnb,3,R,N,56,50
lottnb,4,Y,N,56,50
lottnb,5,G,N,56,50
lottnb,6,O,N,56,50
lottnb,8,BL,N,56,50
lottnb,9,BR,C,56,50
lottnb,10,O,L,56,50
lottnb,11,O,L,56,50
lottnb,12,BL,L,56,50
lottnb,13,G,L,56,50
lottnb,14,G,N,56,50
lottnb,15,G,N,56,50
lottnb,16,BL,N,56,50
lottnb,17,O,C,56,50
lottnb,18,R,L,56,50
lottnb,19,BL,L,56,50
lottnb,20,BR,N,56,50
lottnb,21,BR,L,56,50
lottnb,22,BL,L,56,50
lottnb,23,BL,L,56,50
lottnb,24,BL,N,56,50
lottnb,25,R,N,56,50
lottnb,26,BR,L,56,50
lottnb,27,G,L,56,50
lottnb,28,BR,N,56,50
lottnb,29,BR,N,56,50
lottnb,30,G,N,56,50
lottnb,31,G,N,56,50
lottnb,32,BL,N,56,50
lottnb,33,BR,N,56,50
lottnb,34,BR,N,56,50
lottnb,35,BL,L,56,50
lottnb,36,O,M,56,50
lottnb,37,O,C,56,50
lottnb,38,R,C,56,50
lottnb,39,Y,N,56,50
lottnb,40,Y,N,56,50
lottnb,41,R,L,56,50
lottnb,42,O,L,56,50
lottnb,43,G,N,56,50
lottnb,44,BL,M,56,50
lottnb,45,R,L,56,50
lottnb,46,BR,L,56,50
lottnb,47,R,L,56,50
lottnb,48,BR,N,56,50
lottnb,49,BR,N,56,50
lottnb,50,R,N,56,50
lottnb,51,BL,N,56,50
lottnb,52,BR,N,56,50
lottnb,53,BR,L,56,50
lottnb,54,BL,L,56,50
lottnb,55,G,L,56,50
lottnb,56,G,L,56,50
dempsekl,1,O,N,56,50
dempsekl,2,O,L,56,50
dempsekl,3,G,N,56,50
dempsekl,4,Y,N,56,50
dempsekl,5,G,N,56,50
dempsekl,6,BR,N,56,50
dempsekl,7,BR,L,56,50
dempsekl,8,BR,L,56,50
dempsekl,9,O,N,56,50
dempsekl,10,Y,N,56,50
dempsekl,11,G,N,56,50
dempsekl,12,O,N,56,50
dempsekl,13,BR,N,56,50
dempsekl,14,BR,N,56,50
dempsekl,15,BL,L,56,50
dempsekl,16,G,N,56,50
dempsekl,17,BR,N,56,50
dempsekl,18,BL,N,56,50
dempsekl,19,BL,N,56,50
dempsekl,20,BR,N,56,50
dempsekl,21,BR,N,56,50
dempsekl,22,R,L,56,50
dempsekl,23,BL,L,56,50
dempsekl,24,Y,N,56,50
dempsekl,25,R,L,56,50
dempsekl,26,BR,L,56,50
dempsekl,27,BR,L,56,50
dempsekl,28,G,N,56,50
dempsekl,29,G,L,56,50
dempsekl,30,O,N,56,50
dempsekl,31,O,N,56,50
dempsekl,32,Y,N,56,50
dempsekl,33,O,C,56,50
dempsekl,34,R,N,56,50
dempsekl,35,BL,L,56,50
dempsekl,36,G,N,56,50
dempsekl,37,G,N,56,50
dempsekl,38,R,L,56,50
dempsekl,39,BR,N,56,50
dempsekl,40,G,N,56,50
dempsekl,41,BL,N,56,50
dempsekl,42,G,N,56,50
dempsekl,43,G,N,56,50
dempsekl,44,O,N,56,50
dempsekl,45,O,N,56,50
dempsekl,46,O,L,56,50
dempsekl,47,BR,N,56,50
dempsekl,48,BR,N,56,50
dempsekl,49,BR,N,56,50
dempsekl,50,BR,N,56,50
dempsekl,51,R,L,56,50
dempsekl,52,R,L,56,50
dempsekl,53,BL,L,56,50
dempsekl,54,Y,L,56,50
dempsekl,55,BR,L,56,50
dempsekl,56,G,L,56,50
lukerzt,1,G,N,54,49
lukerzt,2,BR,N,54,49
lukerzt,3,O,N,54,49
lukerzt,4,BL,N,54,49
lukerzt,5,BR,C,54,49
lukerzt,6,Y,N,54,49
lukerzt,7,G,L,54,49
lukerzt,8,BL,N,54,49
lukerzt,9,BR,N,54,49
lukerzt,10,O,N,54,49
lukerzt,11,BL,N,54,49
lukerzt,12,G,N,54,49
lukerzt,13,BR,L,54,49
lukerzt,14,BL,N,54,49
lukerzt,15,BL,N,54,49
lukerzt,16,R,N,54,49
lukerzt,17,G,L,54,49
lukerzt,18,BL,N,54,49
lukerzt,19,BL,N,54,49
lukerzt,20,O,N,54,49
lukerzt,21,Y,N,54,49
lukerzt,22,BL,N,54,49
lukerzt,23,Y,N,54,49
lukerzt,24,BL,N,54,49
lukerzt,25,R,N,54,49
lukerzt,26,BR,N,54,49
lukerzt,27,O,M,54,49
lukerzt,28,Y,L,54,49
lukerzt,29,BL,N,54,49
lukerzt,30,BL,N,54,49
lukerzt,31,O,L,54,49
lukerzt,32,BL,N,54,49
lukerzt,33,O,C,54,49
lukerzt,34,G,N,54,49
lukerzt,35,G,N,54,49
lukerzt,36,BR,N,54,49
lukerzt,37,G,N,54,49
lukerzt,38,O,N,54,49
lukerzt,39,O,M,54,49
lukerzt,40,O,N,54,49
lukerzt,41,BR,N,54,49
lukerzt,42,BL,C,54,49
lukerzt,43,BL,N,54,49
lukerzt,44,G,N,54,49
lukerzt,45,G,N,54,49
lukerzt,46,Y,N,54,49
lukerzt,47,BR,C,54,49
lukerzt,48,BL,L,54,49
lukerzt,49,BR,N,54,49
lukerzt,50,BR,N,54,49
lukerzt,51,G,N,54,49
lukerzt,52,G,N,54,49
lukerzt,53,R,N,54,49
lukerzt,54,Y,N,54,49
tarterkb,1,BR,N,54,48
tarterkb,2,BR,C,54,48
tarterkb,3,BL,N,54,48
tarterkb,4,O,L,54,48
tarterkb,5,O,L,54,48
tarterkb,6,BR,L,54,48
tarterkb,7,BL,L,54,48
tarterkb,8,BR,C,54,48
tarterkb,9,R,L,54,48
tarterkb,10,O,N,54,48
tarterkb,11,BL,N,54,48
tarterkb,12,BR,N,54,48
tarterkb,13,R,N,54,48
tarterkb,14,BL,L,54,48
tarterkb,15,R,N,54,48
tarterkb,16,G,L,54,48
tarterkb,17,BL,N,54,48
tarterkb,18,R,N,54,48
tarterkb,19,G,N,54,48
tarterkb,20,BR,N,54,48
tarterkb,21,BL,N,54,48
tarterkb,22,BR,M,54,48
tarterkb,23,BL,C,54,48
tarterkb,24,BR,L,54,48
tarterkb,25,O,N,54,48
tarterkb,26,Y,N,54,48
tarterkb,27,R,N,54,48
tarterkb,28,BR,N,54,48
tarterkb,29,Y,L,54,48
tarterkb,30,BL,N,54,48
tarterkb,31,O,N,54,48
tarterkb,32,BL,N,54,48
tarterkb,33,Y,N,54,48
tarterkb,34,G,L,54,48
tarterkb,35,BR,M,54,48
tarterkb,36,G,N,54,48
tarterkb,37,O,L,54,48
tarterkb,38,BR,L,54,48
tarterkb,39,Y,N,54,48
tarterkb,40,Y,C,54,48
tarterkb,41,BL,N,54,48
tarterkb,42,BR,L,54,48
tarterkb,43,BL,N,54,48
tarterkb,44,BR,N,54,48
tarterkb,45,R,L,54,48
tarterkb,46,G,L,54,48
tarterkb,47,BR,N,54,48
tarterkb,48,BL,N,54,48
tarterkb,49,R,N,54,48
tarterkb,50,O,L,54,48
tarterkb,51,BR,L,54,48
tarterkb,52,BR,L,54,48
tarterkb,53,Y,M,54,48
tarterkb,54,BL,N,54,48
podrassn,1,R,N,57,51
podrassn,2,BR,N,57,51
podrassn,3,O,N,57,51
podrassn,4,Y,L,57,51
podrassn,5,BL,L,57,51
podrassn,6,G,N,57,51
podrassn,7,G,L,57,51
podrassn,8,G,N,57,51
podrassn,9,BR,N,57,51
podrassn,10,G,N,57,51
podrassn,11,G,N,57,51
podrassn,12,G,N,57,51
podrassn,13,BR,L,57,51
podrassn,14,O,N,57,51
podrassn,15,R,N,57,51
podrassn,16,G,L,57,51
podrassn,17,G,L,57,51
podrassn,18,O,L,57,51
podrassn,19,BR,L,57,51
podrassn,20,O,L,57,51
podrassn,21,BL,N,57,51
podrassn,22,BR,N,57,51
podrassn,23,BR,N,57,51
podrassn,24,BR,N,57,51
podrassn,25,BL,N,57,51
podrassn,26,BL,N,57,51
podrassn,27,BL,N,57,51
podrassn,28,G,C,57,51
podrassn,29,G,N,57,51
podrassn,30,G,N,57,51
podrassn,31,G,N,57,51
podrassn,32,G,L,57,51
podrassn,33,R,L,57,51
podrassn,34,BL,N,57,51
podrassn,35,BL,N,57,51
podrassn,36,BL,N,57,51
podrassn,37,BL,M,57,51
podrassn,38,O,N,57,51
podrassn,39,O,C,57,51
podrassn,40,O,N,57,51
podrassn,41,O,N,57,51
podrassn,42,O,N,57,51
podrassn,43,O,L,57,51
podrassn,44,O,N,57,51
podrassn,45,R,N,57,51
podrassn,46,R,N,57,51
podrassn,47,R,N,57,51
podrassn,48,R,N,57,51
podrassn,49,R,N,57,51
podrassn,50,BR,N,57,51
podrassn,51,BR,N,57,51
podrassn,52,BR,L,57,51
podrassn,53,BR,L,57,51
podrassn,54,Y,N,57,51
podrassn,55,Y,N,57,51
podrassn,56,Y,L,57,51
podrassn,57,Y,L,57,51
moran2tp,1,BR,L,58,50.8
moran2tp,2,Y,N,58,50.8
moran2tp,3,BR,N,58,50.8
moran2tp,4,G,N,58,50.8
moran2tp,5,Y,N,58,50.8
moran2tp,6,Y,L,58,50.8
moran2tp,7,R,L,58,50.8
moran2tp,8,O,L,58,50.8
moran2tp,9,O,L,58,50.8
moran2tp,10,O,C,58,50.8
moran2tp,11,Y,N,58,50.8
moran2tp,12,O,L,58,50.8
moran2tp,13,R,L,58,50.8
moran2tp,14,O,N,58,50.8
moran2tp,15,O,N,58,50.8
moran2tp,16,R,L,58,50.8
moran2tp,17,O,L,58,50.8
moran2tp,18,Y,L,58,50.8
moran2tp,19,BL,N,58,50.8
moran2tp,20,R,L,58,50.8
moran2tp,21,BR,L,58,50.8
moran2tp,22,BL,N,58,50.8
moran2tp,23,G,L,58,50.8
moran2tp,24,O,N,58,50.8
moran2tp,25,G,N,58,50.8
moran2tp,26,BR,N,58,50.8
moran2tp,27,R,L,58,50.8
moran2tp,28,Y,N,58,50.8
moran2tp,29,O,L,58,50.8
moran2tp,30,BL,N,58,50.8
moran2tp,31,BR,N,58,50.8
moran2tp,32,R,N,58,50.8
moran2tp,33,O,L,58,50.8
moran2tp,34,BR,M,58,50.8
moran2tp,35,BR,L,58,50.8
moran2tp,36,Y,N,58,50.8
moran2tp,37,G,N,58,50.8
moran2tp,38,BR,N,58,50.8
moran2tp,39,G,N,58,50.8
moran2tp,40,G,L,58,50.8
moran2tp,41,BR,N,58,50.8
moran2tp,42,BR,L,58,50.8
moran2tp,43,BL,C,58,50.8
moran2tp,44,O,N,58,50.8
moran2tp,45,Y,L,58,50.8
moran2tp,46,Y,C,58,50.8
moran2tp,47,R,L,58,50.8
moran2tp,48,R,N,58,50.8
moran2tp,49,G,N,58,50.8
moran2tp,50,O,L,58,50.8
moran2tp,51,BR,L,58,50.8
moran2tp,52,BR,N,58,50.8
moran2tp,53,O,L,58,50.8
moran2tp,54,Y,N,58,50.8
moran2tp,55,O,L,58,50.8
moran2tp,56,BL,L,58,50.8
moran2tp,57,G,N,58,50.8
moran2tp,58,BL,C,58,50.8
tenoriaa,1,R,N,56,50
tenoriaa,2,BR,N,56,50
tenoriaa,3,BR,N,56,50
tenoriaa,4,G,L,56,50
tenoriaa,5,Y,L,56,50
tenoriaa,6,O,N,56,50
tenoriaa,7,Y,L,56,50
tenoriaa,8,BR,M,56,50
tenoriaa,9,BL,L,56,50
tenoriaa,10,R,L,56,50
tenoriaa,11,G,N,56,50
tenoriaa,12,G,N,56,50
tenoriaa,13,G,L,56,50
tenoriaa,14,BR,N,56,50
tenoriaa,15,BR,N,56,50
tenoriaa,16,O,N,56,50
tenoriaa,17,O,N,56,50
tenoriaa,18,G,L,56,50
tenoriaa,19,G,N,56,50
tenoriaa,20,G,L,56,50
tenoriaa,21,BR,N,56,50
tenoriaa,22,BL,N,56,50
tenoriaa,23,O,L,56,50
tenoriaa,24,G,L,56,50
tenoriaa,25,BR,L,56,50
tenoriaa,26,G,N,56,50
tenoriaa,27,BR,L,56,50
tenoriaa,28,BR,N,56,50
tenoriaa,29,BR,L,56,50
tenoriaa,30,G,N,56,50
tenoriaa,31,BR,L,56,50
tenoriaa,32,BL,N,56,50
tenoriaa,33,BR,N,56,50
tenoriaa,34,G,N,56,50
tenoriaa,35,G,N,56,50
tenoriaa,36,BR,L,56,50
tenoriaa,37,O,L,56,50
tenoriaa,38,BR,M,56,50
tenoriaa,39,R,N,56,50
tenoriaa,40,BR,L,56,50
tenoriaa,41,Y,N,56,50
tenoriaa,42,BL,L,56,50
tenoriaa,43,BR,N,56,50
tenoriaa,44,Y,N,56,50
tenoriaa,45,Y,L,56,50
tenoriaa,46,BL,N,56,50
tenoriaa,47,R,N,56,50
tenoriaa,48,G,N,56,50
tenoriaa,49,G,N,56,50
tenoriaa,50,G,N,56,50
tenoriaa,51,O,L,56,50
tenoriaa,52,O,N,56,50
tenoriaa,53,G,L,56,50
tenoriaa,54,BR,L,56,50
tenoriaa,55,BR,L,56,50
tenoriaa,56,BL,N,56,50
delzernm,1,BL,N,55,48.08
delzernm,2,BL,L,55,48.08
delzernm,3,Y,L,55,48.08
delzernm,4,BL,L,55,48.08
delzernm,5,O,M,55,48.08
delzernm,6,O,L,55,48.08
delzernm,7,BL,N,55,48.08
delzernm,8,BR,N,55,48.08
delzernm,9,BL,N,55,48.08
delzernm,10,R,N,55,48.08
delzernm,11,O,L,55,48.08
delzernm,12,BR,N,55,48.08
delzernm,13,O,N,55,48.08
delzernm,14,O,N,55,48.08
delzernm,15,BL,N,55,48.08
delzernm,16,G,C,55,48.08
delzernm,17,BR,N,55,48.08
delzernm,18,BL,N,55,48.08
delzernm,19,G,L,55,48.08
delzernm,20,Y,M,55,48.08
delzernm,21,G,N,55,48.08
delzernm,22,BL,L,55,48.08
delzernm,23,R,N,55,48.08
delzernm,24,O,L,55,48.08
delzernm,25,BL,L,55,48.08
delzernm,26,BL,L,55,48.08
delzernm,27,BL,N,55,48.08
delzernm,28,R,N,55,48.08
delzernm,29,Y,L,55,48.08
delzernm,30,R,N,55,48.08
delzernm,31,G,N,55,48.08
delzernm,32,O,N,55,48.08
delzernm,33,BL,N,55,48.08
delzernm,34,O,L,55,48.08
delzernm,35,G,L,55,48.08
delzernm,36,BL,L,55,48.08
delzernm,37,BR,N,55,48.08
delzernm,38,O,N,55,48.08
delzernm,39,BL,L,55,48.08
delzernm,40,O,N,55,48.08
delzernm,41,O,N,55,48.08
delzernm,42,O,N,55,48.08
delzernm,43,O,N,55,48.08
delzernm,44,R,L,55,48.08
delzernm,45,Y,L,55,48.08
delzernm,46,R,M,55,48.08
delzernm,47,BR,N,55,48.08
delzernm,48,BL,N,55,48.08
delzernm,49,Y,N,55,48.08
delzernm,50,Y,N,55,48.08
delzernm,51,R,N,55,48.08
delzernm,52,Y,L,55,48.08
delzernm,53,O,L,55,48.08
delzernm,54,R,N,55,48.08
delzernm,55,G,N,55,48.08
belislka,1,BR,N,54,46.8
belislka,2,Y,N,54,46.8
belislka,3,R,L,54,46.8
belislka,4,BL,C,54,46.8
belislka,5,BL,N,54,46.8
belislka,6,BR,M,54,46.8
belislka,7,R,N,54,46.8
belislka,8,O,N,54,46.8
belislka,9,BL,L,54,46.8
belislka,10,R,L,54,46.8
belislka,11,BL,N,54,46.8
belislka,12,BR,N,54,46.8
belislka,13,O,N,54,46.8
belislka,14,G,L,54,46.8
belislka,15,R,N,54,46.8
belislka,16,G,N,54,46.8
belislka,17,BL,N,54,46.8
belislka,18,BL,L,54,46.8
belislka,19,R,N,54,46.8
belislka,20,O,L,54,46.8
belislka,21,G,L,54,46.8
belislka,22,O,L,54,46.8
belislka,23,Y,N,54,46.8
belislka,24,BR,L,54,46.8
belislka,25,O,N,54,46.8
belislka,26,O,L,54,46.8
belislka,27,R,L,54,46.8
belislka,28,BR,L,54,46.8
belislka,29,BR,N,54,46.8
belislka,30,O,N,54,46.8
belislka,31,G,N,54,46.8
belislka,32,R,N,54,46.8
belislka,33,BL,L,54,46.8
belislka,34,BL,C,54,46.8
belislka,35,BL,L,54,46.8
belislka,36,BR,N,54,46.8
belislka,37,G,L,54,46.8
belislka,38,Y,L,54,46.8
belislka,39,O,N,54,46.8
belislka,40,BL,N,54,46.8
belislka,41,BL,N,54,46.8
belislka,42,BL,N,54,46.8
belislka,43,G,N,54,46.8
belislka,44,Y,N,54,46.8
belislka,45,O,N,54,46.8
belislka,46,BR,L,54,46.8
belislka,47,BR,N,54,46.8
belislka,48,R,N,54,46.8
belislka,49,BL,N,54,46.8
belislka,50,G,N,54,46.8
belislka,51,O,L,54,46.8
belislka,52,G,L,54,46.8
belislka,53,O,L,54,46.8
belislka,54,O,L,54,46.8
Richa7jl,1,G,N,58,49.6
Richa7jl,2,BR,L,58,49.6
Richa7jl,3,Y,N,58,49.6
Richa7jl,4,O,N,58,49.6
Richa7jl,5,BR,N,58,49.6
Richa7jl,6,BR,N,58,49.6
Richa7jl,7,BR,N,58,49.6
Richa7jl,8,G,N,58,49.6
Richa7jl,9,Y,L,58,49.6
Richa7jl,10,O,L,58,49.6
Richa7jl,11,O,N,58,49.6
Richa7jl,12,BR,N,58,49.6
Richa7jl,13,G,N,58,49.6
Richa7jl,14,BL,M,58,49.6
Richa7jl,15,BR,N,58,49.6
Richa7jl,16,BR,N,58,49.6
Richa7jl,17,BR,N,58,49.6
Richa7jl,18,O,N,58,49.6
Richa7jl,19,G,N,58,49.6
Richa7jl,20,R,N,58,49.6
Richa7jl,21,BL,M,58,49.6
Richa7jl,22,BR,L,58,49.6
Richa7jl,23,R,N,58,49.6
Richa7jl,24,R,N,58,49.6
Richa7jl,25,BR,N,58,49.6
Richa7jl,26,BR,N,58,49.6
Richa7jl,27,O,N,58,49.6
Richa7jl,28,R,L,58,49.6
Richa7jl,29,BR,L,58,49.6
Richa7jl,30,Y,N,58,49.6
Richa7jl,31,Y,N,58,49.6
Richa7jl,32,G,N,58,49.6
Richa7jl,33,BR,L,58,49.6
Richa7jl,34,G,L,58,49.6
Richa7jl,35,O,N,58,49.6
Richa7jl,36,G,N,58,49.6
Richa7jl,37,O,L,58,49.6
Richa7jl,38,BR,N,58,49.6
Richa7jl,39,G,N,58,49.6
Richa7jl,40,Y,N,58,49.6
Richa7jl,41,BR,L,58,49.6
Richa7jl,42,R,N,58,49.6
Richa7jl,43,BR,C,58,49.6
Richa7jl,44,G,N,58,49.6
Richa7jl,45,R,N,58,49.6
Richa7jl,46,Y,N,58,49.6
Richa7jl,47,O,N,58,49.6
Richa7jl,48,O,N,58,49.6
Richa7jl,49,BR,N,58,49.6
Richa7jl,50,BR,L,58,49.6
Richa7jl,51,BR,N,58,49.6
Richa7jl,52,R,N,58,49.6
Richa7jl,53,G,N,58,49.6
Richa7jl,54,BL,N,58,49.6
Richa7jl,55,G,L,58,49.6
Richa7jl,56,BR,L,58,49.6
Richa7jl,57,BR,N,58,49.6
Richa7jl,58,G,N,58,49.6
baxterka,1,O,L,58,50.8
baxterka,2,G,N,58,50.8
baxterka,3,R,N,58,50.8
baxterka,4,Y,N,58,50.8
baxterka,5,Y,L,58,50.8
baxterka,6,R,N,58,50.8
baxterka,7,BR,L,58,50.8
baxterka,8,BR,M,58,50.8
baxterka,9,BL,L,58,50.8
baxterka,10,BR,L,58,50.8
baxterka,11,BL,N,58,50.8
baxterka,12,Y,L,58,50.8
baxterka,13,BR,N,58,50.8
baxterka,14,BL,N,58,50.8
baxterka,15,BR,L,58,50.8
baxterka,16,R,N,58,50.8
baxterka,17,BL,N,58,50.8
baxterka,18,BR,M,58,50.8
baxterka,19,O,C,58,50.8
baxterka,20,BR,C,58,50.8
baxterka,21,BR,M,58,50.8
baxterka,22,BR,M,58,50.8
baxterka,23,BL,N,58,50.8
baxterka,24,G,C,58,50.8
baxterka,25,BR,L,58,50.8
baxterka,26,BR,L,58,50.8
baxterka,27,G,L,58,50.8
baxterka,28,BR,M,58,50.8
baxterka,29,R,L,58,50.8
baxterka,30,R,N,58,50.8
baxterka,31,Y,L,58,50.8
baxterka,32,G,L,58,50.8
baxterka,33,R,M,58,50.8
baxterka,34,BR,L,58,50.8
baxterka,35,R,C,58,50.8
baxterka,36,R,L,58,50.8
baxterka,37,BR,L,58,50.8
baxterka,38,BL,L,58,50.8
baxterka,39,Y,L,58,50.8
baxterka,40,R,N,58,50.8
baxterka,41,O,M,58,50.8
baxterka,42,R,N,58,50.8
baxterka,43,G,N,58,50.8
baxterka,44,G,L,58,50.8
baxterka,45,BR,N,58,50.8
baxterka,46,G,L,58,50.8
baxterka,47,BR,L,58,50.8
baxterka,48,O,M,58,50.8
baxterka,49,R,L,58,50.8
baxterka,50,Y,L,58,50.8
baxterka,51,G,N,58,50.8
baxterka,52,O,N,58,50.8
baxterka,53,BL,N,58,50.8
baxterka,54,BR,M,58,50.8
baxterka,55,BR,N,58,50.8
baxterka,56,BL,L,58,50.8
baxterka,57,R,C,58,50.8
baxterka,58,Y,N,58,50.8
Saclolcr,1,R,N,55,50
Saclolcr,2,BR,L,55,50
Saclolcr,3,O,N,55,50
Saclolcr,4,BR,N,55,50
Saclolcr,5,G,N,55,50
Saclolcr,6,BL,N,55,50
Saclolcr,7,BL,N,55,50
Saclolcr,8,BL,N,55,50
Saclolcr,9,Y,N,55,50
Saclolcr,10,BL,L,55,50
Saclolcr,11,R,L,55,50
Saclolcr,12,BR,L,55,50
Saclolcr,13,O,L,55,50
Saclolcr,14,Y,N,55,50
Saclolcr,15,R,N,55,50
Saclolcr,16,Y,N,55,50
Saclolcr,17,R,N,55,50
Saclolcr,18,O,M,55,50
Saclolcr,19,BL,N,55,50
Saclolcr,20,O,L,55,50
Saclolcr,21,R,N,55,50
Saclolcr,22,R,C,55,50
Saclolcr,23,Y,N,55,50
Saclolcr,24,G,L,55,50
Saclolcr,25,BL,L,55,50
Saclolcr,26,G,N,55,50
Saclolcr,27,G,N,55,50
Saclolcr,28,BR,N,55,50
Saclolcr,29,G,N,55,50
Saclolcr,30,BL,N,55,50
Saclolcr,31,BL,N,55,50
Saclolcr,32,BR,L,55,50
Saclolcr,33,R,L,55,50
Saclolcr,34,G,L,55,50
Saclolcr,35,BR,L,55,50
Saclolcr,36,O,L,55,50
Saclolcr,37,G,L,55,50
Saclolcr,38,BR,L,55,50
Saclolcr,39,BL,N,55,50
Saclolcr,40,G,N,55,50
Saclolcr,41,BL,N,55,50
Saclolcr,42,BL,N,55,50
Saclolcr,43,BR,N,55,50
Saclolcr,44,O,L,55,50
Saclolcr,45,BL,M,55,50
Saclolcr,46,BL,L,55,50
Saclolcr,47,Y,L,55,50
Saclolcr,48,BR,L,55,50
Saclolcr,49,O,C,55,50
Saclolcr,50,BR,N,55,50
Saclolcr,51,O,N,55,50
Saclolcr,52,O,N,55,50
Saclolcr,53,BR,L,55,50
Saclolcr,54,Y,N,55,50
Saclolcr,55,BL,N,55,50
peter3kr,1,O,L,58,50.8
peter3kr,2,BR,N,58,50.8
peter3kr,3,G,L,58,50.8
peter3kr,4,O,N,58,50.8
peter3kr,5,BL,N,58,50.8
peter3kr,6,R,L,58,50.8
peter3kr,7,G,N,58,50.8
peter3kr,8,BR,N,58,50.8
peter3kr,9,G,N,58,50.8
peter3kr,10,R,N,58,50.8
peter3kr,11,G,N,58,50.8
peter3kr,12,R,L,58,50.8
peter3kr,13,BL,L,58,50.8
peter3kr,14,O,L,58,50.8
peter3kr,15,BR,L,58,50.8
peter3kr,16,BR,N,58,50.8
peter3kr,17,BL,L,58,50.8
peter3kr,18,BL,L,58,50.8
peter3kr,19,O,N,58,50.8
peter3kr,20,BL,C,58,50.8
peter3kr,21,BL,L,58,50.8
peter3kr,22,G,M,58,50.8
peter3kr,23,G,L,58,50.8
peter3kr,24,BR,L,58,50.8
peter3kr,25,G,N,58,50.8
peter3kr,26,BL,L,58,50.8
peter3kr,27,BL,N,58,50.8
peter3kr,28,O,N,58,50.8
peter3kr,29,R,N,58,50.8
peter3kr,30,BL,N,58,50.8
peter3kr,31,Y,N,58,50.8
peter3kr,32,BL,N,58,50.8
peter3kr,33,R,N,58,50.8
peter3kr,34,BR,L,58,50.8
peter3kr,35,BR,M,58,50.8
peter3kr,36,Y,L,58,50.8
peter3kr,37,BL,L,58,50.8
peter3kr,38,BR,N,58,50.8
peter3kr,39,Y,N,58,50.8
peter3kr,40,BL,N,58,50.8
peter3kr,41,BL,L,58,50.8
peter3kr,42,BR,N,58,50.8
peter3kr,43,G,N,58,50.8
peter3kr,44,BL,L,58,50.8
peter3kr,45,O,L,58,50.8
peter3kr,46,G,L,58,50.8
peter3kr,47,O,M,58,50.8
peter3kr,48,BL,L,58,50.8
peter3kr,49,G,L,58,50.8
peter3kr,50,BL,L,58,50.8
peter3kr,51,BR,L,58,50.8
peter3kr,52,BL,C,58,50.8
peter3kr,53,O,L,58,50.8
peter3kr,54,G,N,58,50.8
peter3kr,55,R,N,58,50.8
peter3kr,56,Y,N,58,50.8
peter3kr,57,BL,N,58,50.8
peter3kr,58,O,L,58,50.8
ellio2ce,1,BR,M,58,48.99
ellio2ce,2,Y,N,58,48.99
ellio2ce,3,R,N,58,48.99
ellio2ce,4,Y,N,58,48.99
ellio2ce,5,O,N,58,48.99
ellio2ce,6,G,L,58,48.99
ellio2ce,7,R,L,58,48.99
ellio2ce,8,BR,N,58,48.99
ellio2ce,9,G,M,58,48.99
ellio2ce,10,O,L,58,48.99
ellio2ce,11,BL,N,58,48.99
ellio2ce,12,G,N,58,48.99
ellio2ce,13,R,L,58,48.99
ellio2ce,14,G,L,58,48.99
ellio2ce,15,BL,L,58,48.99
ellio2ce,16,BL,N,58,48.99
ellio2ce,17,G,L,58,48.99
ellio2ce,18,Y,N,58,48.99
ellio2ce,19,R,L,58,48.99
ellio2ce,20,O,L,58,48.99
ellio2ce,21,BR,M,58,48.99
ellio2ce,22,G,N,58,48.99
ellio2ce,23,BR,L,58,48.99
ellio2ce,24,Y,N,58,48.99
ellio2ce,25,G,L,58,48.99
ellio2ce,26,R,N,58,48.99
ellio2ce,27,BL,N,58,48.99
ellio2ce,28,Y,N,58,48.99
ellio2ce,29,R,N,58,48.99
ellio2ce,30,Y,L,58,48.99
ellio2ce,31,BR,C,58,48.99
ellio2ce,32,O,C,58,48.99
ellio2ce,33,BL,L,58,48.99
ellio2ce,34,O,L,58,48.99
ellio2ce,35,BR,C,58,48.99
ellio2ce,36,Y,L,58,48.99
ellio2ce,37,BR,N,58,48.99
ellio2ce,38,BR,N,58,48.99
ellio2ce,40,BL,N,58,48.99
ellio2ce,41,BL,L,58,48.99
ellio2ce,42,G,L,58,48.99
ellio2ce,43,O,L,58,48.99
ellio2ce,44,R,N,58,48.99
ellio2ce,45,R,L,58,48.99
ellio2ce,46,BR,C,58,48.99
ellio2ce,47,BR,M,58,48.99
ellio2ce,48,BR,N,58,48.99
ellio2ce,49,BL,L,58,48.99
ellio2ce,50,R,L,58,48.99
ellio2ce,51,BR,N,58,48.99
ellio2ce,52,BR,N,58,48.99
ellio2ce,53,O,N,58,48.99
ellio2ce,54,R,L,58,48.99
ellio2ce,55,Y,N,58,48.99
ellio2ce,56,BL,M,58,48.99
ellio2ce,57,BR,M,58,48.99
ellio2ce,58,O,L,58,48.99
brotemar,1,BL,L,57,50.8
brotemar,2,BR,N,57,50.8
brotemar,3,G,N,57,50.8
brotemar,4,O,L,57,50.8
brotemar,5,G,N,57,50.8
brotemar,6,BL,N,57,50.8
brotemar,7,BL,N,57,50.8
brotemar,8,BR,N,57,50.8
brotemar,9,O,L,57,50.8
brotemar,10,BR,L,57,50.8
brotemar,11,BR,L,57,50.8
brotemar,12,R,N,57,50.8
brotemar,13,BR,L,57,50.8
brotemar,14,Y,L,57,50.8
brotemar,15,BR,L,57,50.8
brotemar,16,O,N,57,50.8
brotemar,17,BL,N,57,50.8
brotemar,18,BR,L,57,50.8
brotemar,19,BR,L,57,50.8
brotemar,20,BL,N,57,50.8
brotemar,21,G,N,57,50.8
brotemar,22,BR,N,57,50.8
brotemar,23,G,N,57,50.8
brotemar,24,R,N,57,50.8
brotemar,25,BL,N,57,50.8
brotemar,26,BR,L,57,50.8
brotemar,27,BR,L,57,50.8
brotemar,28,G,L,57,50.8
brotemar,29,Y,N,57,50.8
brotemar,30,G,N,57,50.8
brotemar,31,O,N,57,50.8
brotemar,32,O,N,57,50.8
brotemar,33,G,N,57,50.8
brotemar,34,O,L,57,50.8
brotemar,35,G,N,57,50.8
brotemar,36,BL,L,57,50.8
brotemar,37,G,N,57,50.8
brotemar,38,BL,L,57,50.8
brotemar,39,O,L,57,50.8
brotemar,40,BL,N,57,50.8
brotemar,41,BR,N,57,50.8
brotemar,42,BL,N,57,50.8
brotemar,43,R,N,57,50.8
brotemar,44,G,N,57,50.8
brotemar,45,BR,N,57,50.8
brotemar,46,G,N,57,50.8
brotemar,47,R,M,57,50.8
brotemar,48,BL,L,57,50.8
brotemar,49,BL,N,57,50.8
brotemar,50,Y,L,57,50.8
brotemar,51,O,N,57,50.8
brotemar,52,BR,N,57,50.8
brotemar,53,O,N,57,50.8
brotemar,54,R,C,57,50.8
brotemar,55,G,L,57,50.8
brotemar,56,O,N,57,50.8
brotemar,57,O,C,57,50.8
MCKEEAM,1,BR,L,55,48.19
MCKEEAM,2,O,L,55,48.19
MCKEEAM,3,Y,M,55,48.19
MCKEEAM,4,G,N,55,48.19
MCKEEAM,5,G,N,55,48.19
MCKEEAM,6,R,L,55,48.19
MCKEEAM,7,R,L,55,48.19
MCKEEAM,8,BL,L,55,48.19
MCKEEAM,9,BL,L,55,48.19
MCKEEAM,10,BR,L,55,48.19
MCKEEAM,11,Y,N,55,48.19
MCKEEAM,12,O,C,55,48.19
MCKEEAM,13,BR,N,55,48.19
MCKEEAM,14,BR,L,55,48.19
MCKEEAM,15,BR,L,55,48.19
MCKEEAM,16,BR,N,55,48.19
MCKEEAM,17,BR,N,55,48.19
MCKEEAM,18,R,N,55,48.19
MCKEEAM,19,R,L,55,48.19
MCKEEAM,20,BL,L,55,48.19
MCKEEAM,21,BL,L,55,48.19
MCKEEAM,22,BL,L,55,48.19
MCKEEAM,23,BL,L,55,48.19
MCKEEAM,24,BL,N,55,48.19
MCKEEAM,25,BR,L,55,48.19
MCKEEAM,26,G,L,55,48.19
MCKEEAM,27,R,N,55,48.19
MCKEEAM,28,Y,L,55,48.19
MCKEEAM,29,Y,L,55,48.19
MCKEEAM,30,BR,N,55,48.19
MCKEEAM,31,BR,N,55,48.19
MCKEEAM,32,BR,L,55,48.19
MCKEEAM,33,BR,L,55,48.19
MCKEEAM,34,R,N,55,48.19
MCKEEAM,35,Y,L,55,48.19
MCKEEAM,36,O,N,55,48.19
MCKEEAM,37,G,L,55,48.19
MCKEEAM,38,BL,L,55,48.19
MCKEEAM,39,R,N,55,48.19
MCKEEAM,40,BR,L,55,48.19
MCKEEAM,41,BR,L,55,48.19
MCKEEAM,42,G,N,55,48.19
MCKEEAM,43,BL,N,55,48.19
MCKEEAM,44,BL,N,55,48.19
MCKEEAM,45,BL,N,55,48.19
MCKEEAM,46,BL,M,55,48.19
MCKEEAM,47,O,L,55,48.19
MCKEEAM,48,BL,C,55,48.19
MCKEEAM,49,BR,L,55,48.19
MCKEEAM,50,BR,L,55,48.19
MCKEEAM,51,BR,L,55,48.19
MCKEEAM,52,G,N,55,48.19
MCKEEAM,53,G,N,55,48.19
MCKEEAM,54,R,N,55,48.19
cortinem,1,O,N,55,49.6
cortinem,2,BL,N,55,49.6
cortinem,3,O,N,55,49.6
cortinem,4,O,N,55,49.6
cortinem,5,BR,C,55,49.6
cortinem,6,BR,L,55,49.6
cortinem,7,R,M,55,49.6
cortinem,8,BR,N,55,49.6
cortinem,9,G,L,55,49.6
cortinem,10,BR,N,55,49.6
cortinem,11,BL,N,55,49.6
cortinem,12,BL,L,55,49.6
cortinem,13,G,L,55,49.6
cortinem,14,BR,N,55,49.6
cortinem,15,Y,M,55,49.6
cortinem,16,Y,N,55,49.6
cortinem,17,BR,L,55,49.6
cortinem,18,G,N,55,49.6
cortinem,19,BL,L,55,49.6
cortinem,20,G,L,55,49.6
cortinem,21,O,L,55,49.6
cortinem,22,O,L,55,49.6
cortinem,23,BR,M,55,49.6
cortinem,24,BL,L,55,49.6
cortinem,25,Y,N,55,49.6
cortinem,26,O,L,55,49.6
cortinem,27,Y,C,55,49.6
cortinem,28,O,C,55,49.6
cortinem,29,O,L,55,49.6
cortinem,30,O,C,55,49.6
cortinem,31,R,N,55,49.6
cortinem,32,BR,N,55,49.6
cortinem,33,BL,N,55,49.6
cortinem,34,BL,N,55,49.6
cortinem,35,BR,M,55,49.6
cortinem,36,BL,N,55,49.6
cortinem,37,BR,L,55,49.6
cortinem,38,BL,N,55,49.6
cortinem,39,BR,L,55,49.6
cortinem,40,R,N,55,49.6
cortinem,41,R,C,55,49.6
cortinem,42,BR,N,55,49.6
cortinem,43,R,N,55,49.6
cortinem,44,O,N,55,49.6
cortinem,45,R,N,55,49.6
cortinem,46,BR,N,55,49.6
cortinem,47,BR,L,55,49.6
cortinem,48,BL,L,55,49.6
cortinem,49,Y,N,55,49.6
cortinem,50,BR,N,55,49.6
cortinem,51,BR,C,55,49.6
cortinem,52,BL,N,55,49.6
cortinem,53,G,N,55,49.6
cortinem,54,BL,L,55,49.6
cortinem,55,R,N,55,49.6
knabele,1,BL,N,53,47.17
knabele,2,BL,L,53,47.17
knabele,3,G,L,53,47.17
knabele,4,R,L,53,47.17
knabele,5,BR,L,53,47.17
knabele,6,R,N,53,47.17
knabele,7,Y,N,53,47.17
knabele,8,BL,L,53,47.17
knabele,9,O,L,53,47.17
knabele,10,O,N,53,47.17
knabele,11,Y,N,53,47.17
knabele,12,R,N,53,47.17
knabele,13,BL,L,53,47.17
knabele,14,BL,N,53,47.17
knabele,15,BR,L,53,47.17
knabele,16,R,L,53,47.17
knabele,17,R,N,53,47.17
knabele,18,R,N,53,47.17
knabele,19,Y,N,53,47.17
knabele,20,G,N,53,47.17
knabele,21,BL,L,53,47.17
knabele,22,BL,L,53,47.17
knabele,23,R,N,53,47.17
knabele,24,R,L,53,47.17
knabele,25,R,L,53,47.17
knabele,26,O,L,53,47.17
knabele,27,G,L,53,47.17
knabele,28,R,N,53,47.17
knabele,29,G,L,53,47.17
knabele,30,BR,N,53,47.17
knabele,31,Y,L,53,47.17
knabele,32,BL,N,53,47.17
knabele,33,BL,N,53,47.17
knabele,34,BR,L,53,47.17
knabele,35,G,N,53,47.17
knabele,36,R,L,53,47.17
knabele,37,R,L,53,47.17
knabele,38,Y,L,53,47.17
knabele,39,BR,L,53,47.17
knabele,40,BL,L,53,47.17
knabele,41,BR,L,53,47.17
knabele,42,BR,L,53,47.17
knabele,43,BL,L,53,47.17
knabele,44,BL,L,53,47.17
knabele,45,O,L,53,47.17
knabele,46,O,L,53,47.17
knabele,47,R,N,53,47.17
knabele,48,R,L,53,47.17
knabele,49,BL,L,53,47.17
knabele,50,BL,L,53,47.17
knabele,51,Y,L,53,47.17
knabele,52,G,L,53,47.17
knabele,53,O,L,53,47.17
lebedeay,1,BL,L,53,48
lebedeay,2,BL,L,53,48
lebedeay,3,BL,N,53,48
lebedeay,4,BL,N,53,48
lebedeay,5,BL,N,53,48
lebedeay,6,BL,N,53,48
lebedeay,7,G,C,53,48
lebedeay,8,G,N,53,48
lebedeay,9,G,L,53,48
lebedeay,10,G,L,53,48
lebedeay,11,G,N,53,48
lebedeay,12,G,N,53,48
lebedeay,13,G,N,53,48
lebedeay,14,Y,M,53,48
lebedeay,15,Y,L,53,48
lebedeay,16,Y,L,53,48
lebedeay,17,Y,L,53,48
lebedeay,18,Y,L,53,48
lebedeay,19,Y,L,53,48
lebedeay,20,R,L,53,48
lebedeay,21,R,N,53,48
lebedeay,22,R,N,53,48
lebedeay,23,R,N,53,48
lebedeay,24,R,N,53,48
lebedeay,25,R,N,53,48
lebedeay,26,R,N,53,48
lebedeay,27,R,L,53,48
lebedeay,28,R,L,53,48
lebedeay,29,R,L,53,48
lebedeay,30,R,L,53,48
lebedeay,31,R,L,53,48
lebedeay,32,O,M,53,48
lebedeay,33,O,L,53,48
lebedeay,34,O,L,53,48
lebedeay,35,O,L,53,48
lebedeay,36,O,N,53,48
lebedeay,37,O,N,53,48
lebedeay,38,O,N,53,48
lebedeay,39,O,N,53,48
lebedeay,40,O,N,53,48
lebedeay,41,O,N,53,48
lebedeay,42,O,N,53,48
lebedeay,43,BR,L,53,48
lebedeay,44,BR,L,53,48
lebedeay,45,BR,L,53,48
lebedeay,46,BR,L,53,48
lebedeay,47,BR,N,53,48
lebedeay,48,BR,N,53,48
lebedeay,49,BR,N,53,48
lebedeay,50,BR,N,53,48
lebedeay,51,BR,N,53,48
lebedeay,52,BR,N,53,48
lebedeay,53,BR,N,53,48
sumieljt,1,BL,L,56,46
sumieljt,2,BL,N,56,46
sumieljt,3,BR,N,56,46
sumieljt,4,BL,N,56,46
sumieljt,5,G,M,56,46
sumieljt,6,R,N,56,46
sumieljt,7,R,N,56,46
sumieljt,8,R,N,56,46
sumieljt,9,BR,N,56,46
sumieljt,10,BR,N,56,46
sumieljt,11,O,N,56,46
sumieljt,12,BR,N,56,46
sumieljt,13,BR,N,56,46
sumieljt,14,O,L,56,46
sumieljt,15,BL,N,56,46
sumieljt,16,G,N,56,46
sumieljt,17,BR,M,56,46
sumieljt,18,BL,C,56,46
sumieljt,19,BR,N,56,46
sumieljt,20,BR,L,56,46
sumieljt,21,O,N,56,46
sumieljt,22,BL,N,56,46
sumieljt,23,R,L,56,46
sumieljt,24,R,L,56,46
sumieljt,25,R,N,56,46
sumieljt,26,O,N,56,46
sumieljt,27,G,L,56,46
sumieljt,28,O,N,56,46
sumieljt,29,G,L,56,46
sumieljt,30,BR,N,56,46
sumieljt,31,O,N,56,46
sumieljt,32,BL,L,56,46
sumieljt,33,G,N,56,46
sumieljt,34,BR,L,56,46
sumieljt,35,R,N,56,46
sumieljt,36,BL,N,56,46
sumieljt,37,G,N,56,46
sumieljt,38,R,N,56,46
sumieljt,39,O,N,56,46
sumieljt,40,R,L,56,46
sumieljt,41,R,N,56,46
sumieljt,42,G,N,56,46
sumieljt,43,O,N,56,46
sumieljt,44,G,N,56,46
sumieljt,45,Y,L,56,46
sumieljt,46,O,N,56,46
sumieljt,47,BL,L,56,46
sumieljt,48,BR,N,56,46
sumieljt,49,O,L,56,46
sumieljt,50,G,L,56,46
sumieljt,51,Y,M,56,46
sumieljt,52,Y,M,56,46
sumieljt,53,BR,M,56,46
sumieljt,54,G,C,56,46
sumieljt,55,Y,N,56,46
sumieljt,56,Y,L,56,46
sortorae,1,BL,N,56,51
sortorae,2,G,N,56,51
sortorae,3,O,N,56,51
sortorae,4,O,L,56,51
sortorae,5,G,L,56,51
sortorae,6,Y,N,56,51
sortorae,7,O,N,56,51
sortorae,8,O,L,56,51
sortorae,9,G,N,56,51
sortorae,10,O,N,56,51
sortorae,11,O,N,56,51
sortorae,12,G,N,56,51
sortorae,13,G,L,56,51
sortorae,14,BL,N,56,51
sortorae,15,BL,N,56,51
sortorae,16,Y,L,56,51
sortorae,17,Y,C,56,51
sortorae,18,O,N,56,51
sortorae,19,BL,N,56,51
sortorae,20,BR,N,56,51
sortorae,21,G,N,56,51
sortorae,22,G,N,56,51
sortorae,23,G,N,56,51
sortorae,24,G,N,56,51
sortorae,25,G,C,56,51
sortorae,26,O,N,56,51
sortorae,27,O,N,56,51
sortorae,28,R,C,56,51
sortorae,29,BL,L,56,51
sortorae,30,Y,N,56,51
sortorae,31,Y,N,56,51
sortorae,32,BL,N,56,51
sortorae,33,BL,L,56,51
sortorae,34,BR,L,56,51
sortorae,35,R,L,56,51
sortorae,36,O,N,56,51
sortorae,37,O,L,56,51
sortorae,38,R,N,56,51
sortorae,39,O,N,56,51
sortorae,40,Y,N,56,51
sortorae,41,BL,N,56,51
sortorae,42,BL,N,56,51
sortorae,43,BL,L,56,51
sortorae,44,G,N,56,51
sortorae,45,Y,N,56,51
sortorae,46,Y,N,56,51
sortorae,47,R,N,56,51
sortorae,48,R,N,56,51
sortorae,49,O,N,56,51
sortorae,50,R,N,56,51
sortorae,51,BR,N,56,51
sortorae,52,G,N,56,51
sortorae,53,BL,N,56,51
sortorae,54,BL,L,56,51
sortorae,55,BR,N,56,51
sortorae,56,BL,N,56,51
henderln,1,R,M,57,51
henderln,2,R,M,57,51
henderln,3,R,L,57,51
henderln,4,R,N,57,51
henderln,5,R,L,57,51
henderln,6,R,L,57,51
henderln,7,R,N,57,51
henderln,8,BR,N,57,51
henderln,9,BR,L,57,51
henderln,10,BR,M,57,51
henderln,11,BR,L,57,51
henderln,12,BR,C,57,51
henderln,13,BR,N,57,51
henderln,14,O,N,57,51
henderln,15,O,C,57,51
henderln,16,O,L,57,51
henderln,17,O,L,57,51
henderln,18,O,L,57,51
henderln,19,O,N,57,51
henderln,20,O,N,57,51
henderln,21,O,N,57,51
henderln,22,O,C,57,51
henderln,23,O,L,57,51
henderln,24,O,N,57,51
henderln,25,O,N,57,51
henderln,26,O,L,57,51
henderln,27,O,L,57,51
henderln,28,O,L,57,51
henderln,29,O,C,57,51
henderln,30,BL,N,57,51
henderln,31,BL,L,57,51
henderln,32,BL,C,57,51
henderln,33,BL,N,57,51
henderln,34,BL,N,57,51
henderln,35,BL,L,57,51
henderln,36,BL,L,57,51
henderln,37,BL,N,57,51
henderln,38,BL,N,57,51
henderln,39,BL,N,57,51
henderln,40,BL,C,57,51
henderln,41,Y,N,57,51
henderln,42,Y,N,57,51
henderln,43,Y,C,57,51
henderln,44,Y,N,57,51
henderln,45,Y,L,57,51
henderln,46,Y,N,57,51
henderln,47,G,C,57,51
henderln,48,G,L,57,51
henderln,49,G,C,57,51
henderln,50,G,N,57,51
henderln,51,G,N,57,51
henderln,52,G,C,57,51
henderln,53,G,N,57,51
henderln,54,G,L,57,51
henderln,55,G,L,57,51
henderln,56,G,C,57,51
henderln,57,G,M,57,51
patte2mg,1,G,N,55,50
patte2mg,2,G,N,55,50
patte2mg,3,G,N,55,50
patte2mg,4,G,N,55,50
patte2mg,5,G,N,55,50
patte2mg,6,G,L,55,50
patte2mg,7,G,L,55,50
patte2mg,8,G,L,55,50
patte2mg,9,G,L,55,50
patte2mg,10,G,L,55,50
patte2mg,11,G,L,55,50
patte2mg,12,R,L,55,50
patte2mg,13,R,L,55,50
patte2mg,14,R,N,55,50
patte2mg,15,R,N,55,50
patte2mg,16,R,N,55,50
patte2mg,17,R,N,55,50
patte2mg,18,R,N,55,50
patte2mg,19,BR,N,55,50
patte2mg,20,BR,L,55,50
patte2mg,21,BR,L,55,50
patte2mg,22,Y,L,55,50
patte2mg,23,Y,L,55,50
patte2mg,24,Y,L,55,50
patte2mg,25,Y,N,55,50
patte2mg,26,Y,N,55,50
patte2mg,27,Y,N,55,50
patte2mg,28,Y,N,55,50
patte2mg,29,Y,N,55,50
patte2mg,30,Y,N,55,50
patte2mg,31,O,L,55,50
patte2mg,32,O,L,55,50
patte2mg,33,O,N,55,50
patte2mg,34,O,N,55,50
patte2mg,35,O,N,55,50
patte2mg,36,O,N,55,50
patte2mg,37,O,N,55,50
patte2mg,38,O,N,55,50
patte2mg,39,O,N,55,50
patte2mg,40,O,N,55,50
patte2mg,41,O,N,55,50
patte2mg,42,O,N,55,50
patte2mg,43,O,N,55,50
patte2mg,44,O,N,55,50
patte2mg,45,O,N,55,50
patte2mg,46,BL,L,55,50
patte2mg,47,BL,L,55,50
patte2mg,48,BL,L,55,50
patte2mg,49,BL,L,55,50
patte2mg,50,BL,N,55,50
patte2mg,51,BL,N,55,50
patte2mg,52,BL,N,55,50
patte2mg,53,BL,N,55,50
patte2mg,54,BL,N,55,50
patte2mg,55,BL,N,55,50
romerojg,1,G,M,53,49
romerojg,2,BL,N,53,49
romerojg,3,R,L,53,49
romerojg,4,G,N,53,49
romerojg,5,BL,L,53,49
romerojg,6,BR,N,53,49
romerojg,7,O,L,53,49
romerojg,8,O,L,53,49
romerojg,9,G,L,53,49
romerojg,10,O,L,53,49
romerojg,11,O,N,53,49
romerojg,12,Y,M,53,49
romerojg,13,G,N,53,49
romerojg,14,BR,L,53,49
romerojg,15,O,C,53,49
romerojg,16,BL,N,53,49
romerojg,17,BL,N,53,49
romerojg,18,G,M,53,49
romerojg,19,Y,L,53,49
romerojg,20,G,L,53,49
romerojg,21,R,N,53,49
romerojg,22,G,C,53,49
romerojg,23,R,L,53,49
romerojg,24,O,L,53,49
romerojg,25,BL,L,53,49
romerojg,26,Y,M,53,49
romerojg,27,G,C,53,49
romerojg,28,O,N,53,49
romerojg,29,BL,N,53,49
romerojg,30,G,M,53,49
romerojg,31,G,N,53,49
romerojg,32,BR,L,53,49
romerojg,33,O,L,53,49
romerojg,34,Y,C,53,49
romerojg,35,R,C,53,49
romerojg,36,R,M,53,49
romerojg,37,Y,C,53,49
romerojg,38,Y,M,53,49
romerojg,39,R,M,53,49
romerojg,40,Y,C,53,49
romerojg,41,BR,N,53,49
romerojg,42,BL,M,53,49
romerojg,43,G,M,53,49
romerojg,44,O,L,53,49
romerojg,45,G,M,53,49
romerojg,46,BR,C,53,49
romerojg,47,G,N,53,49
romerojg,48,Y,M,53,49
romerojg,49,BL,M,53,49
romerojg,50,O,M,53,49
romerojg,51,G,N,53,49
romerojg,52,O,M,53,49
romerojg,53,G,M,53,49
obidinnc ,1,O,L,55,51.92
obidinnc ,2,G,N,55,51.92
obidinnc ,3,BL,N,55,51.92
obidinnc ,4,G,N,55,51.92
obidinnc ,5,G,N,55,51.92
obidinnc ,6,G,L,55,51.92
obidinnc ,7,G,L,55,51.92
obidinnc ,8,G,N,55,51.92
obidinnc ,9,Y,L,55,51.92
obidinnc ,10,BR,N,55,51.92
obidinnc ,11,G,N,55,51.92
obidinnc ,12,G,M,55,51.92
obidinnc ,13,R,N,55,51.92
obidinnc ,14,G,N,55,51.92
obidinnc ,15,O,N,55,51.92
obidinnc ,16,BL,L,55,51.92
obidinnc ,17,O,L,55,51.92
obidinnc ,18,O,N,55,51.92
obidinnc ,19,BR,L,55,51.92
obidinnc ,20,G,N,55,51.92
obidinnc ,21,G,N,55,51.92
obidinnc ,22,R,N,55,51.92
obidinnc ,23,Y,N,55,51.92
obidinnc ,24,O,N,55,51.92
obidinnc ,25,BL,N,55,51.92
obidinnc ,26,O,L,55,51.92
obidinnc ,27,O,L,55,51.92
obidinnc ,28,BR,N,55,51.92
obidinnc ,29,O,L,55,51.92
obidinnc ,30,O,N,55,51.92
obidinnc ,31,BR,N,55,51.92
obidinnc ,32,O,N,55,51.92
obidinnc ,33,Y,L,55,51.92
obidinnc ,34,BR,N,55,51.92
obidinnc ,35,O,N,55,51.92
obidinnc ,36,BR,N,55,51.92
obidinnc ,37,O,C,55,51.92
obidinnc ,38,G,N,55,51.92
obidinnc ,39,BL,N,55,51.92
obidinnc ,40,O,N,55,51.92
obidinnc ,41,O,N,55,51.92
obidinnc ,42,O,N,55,51.92
obidinnc ,43,G,N,55,51.92
obidinnc ,44,G,L,55,51.92
obidinnc ,45,Y,N,55,51.92
obidinnc ,46,R,N,55,51.92
obidinnc ,47,G,N,55,51.92
obidinnc ,48,R,M,55,51.92
obidinnc ,49,G,L,55,51.92
obidinnc ,50,Y,N,55,51.92
obidinnc ,51,BL,N,55,51.92
obidinnc ,52,O,N,55,51.92
obidinnc ,53,BL,L,55,51.92
obidinnc ,54,R,N,55,51.92
obidinnc ,55,O,N,55,51.92
emchea,1,O,N,55,51
emchea,2,O,N,55,51
emchea,3,O,N,55,51
emchea,4,O,L,55,51
emchea,5,O,L,55,51
emchea,6,O,L,55,51
emchea,7,O,L,55,51
emchea,8,O,C,55,51
emchea,9,O,C,55,51
emchea,10,O,C,55,51
emchea,11,O,C,55,51
emchea,12,O,C,55,51
emchea,13,O,C,55,51
emchea,14,O,C,55,51
emchea,15,BL,N,55,51
emchea,16,BL,N,55,51
emchea,17,BL,N,55,51
emchea,18,BL,L,55,51
emchea,19,BL,L,55,51
emchea,20,BL,L,55,51
emchea,21,BL,L,55,51
emchea,22,BL,C,55,51
emchea,23,BL,C,55,51
emchea,24,BL,C,55,51
emchea,25,G,N,55,51
emchea,26,G,N,55,51
emchea,27,G,N,55,51
emchea,28,G,N,55,51
emchea,29,G,L,55,51
emchea,30,G,L,55,51
emchea,31,G,L,55,51
emchea,32,G,L,55,51
emchea,33,G,L,55,51
emchea,34,G,C,55,51
emchea,35,G,C,55,51
emchea,36,BR,N,55,51
emchea,37,BR,L,55,51
emchea,38,BR,L,55,51
emchea,39,BR,C,55,51
emchea,40,BR,C,55,51
emchea,41,BR,C,55,51
emchea,42,Y,N,55,51
emchea,43,Y,N,55,51
emchea,44,Y,N,55,51
emchea,45,Y,L,55,51
emchea,46,Y,L,55,51
emchea,47,Y,C,55,51
emchea,48,Y,C,55,51
emchea,49,Y,C,55,51
emchea,50,Y,C,55,51
emchea,51,R,N,55,51
emchea,52,R,N,55,51
emchea,53,R,L,55,51
emchea,54,R,L,55,51
emchea,55,R,C,55,51
morto2tm,1,BL,N,58,51
morto2tm,2,O,N,58,51
morto2tm,3,Y,N,58,51
morto2tm,4,O,N,58,51
morto2tm,5,O,N,58,51
morto2tm,6,R,N,58,51
morto2tm,7,BR,N,58,51
morto2tm,8,O,M,58,51
morto2tm,9,R,N,58,51
morto2tm,10,R,N,58,51
morto2tm,11,R,N,58,51
morto2tm,12,BR,N,58,51
morto2tm,13,BL,N,58,51
morto2tm,14,BL,N,58,51
morto2tm,15,R,N,58,51
morto2tm,16,BL,L,58,51
morto2tm,17,O,L,58,51
morto2tm,18,Y,L,58,51
morto2tm,19,O,N,58,51
morto2tm,20,BL,L,58,51
morto2tm,21,BR,N,58,51
morto2tm,22,O,N,58,51
morto2tm,23,BR,L,58,51
morto2tm,24,BR,N,58,51
morto2tm,25,BL,L,58,51
morto2tm,26,BR,N,58,51
morto2tm,27,BR,N,58,51
morto2tm,28,BL,N,58,51
morto2tm,29,BL,N,58,51
morto2tm,30,R,N,58,51
morto2tm,31,O,L,58,51
morto2tm,32,G,N,58,51
morto2tm,33,G,N,58,51
morto2tm,34,BL,N,58,51
morto2tm,35,BL,N,58,51
morto2tm,36,BL,L,58,51
morto2tm,37,BL,N,58,51
morto2tm,38,BL,L,58,51
morto2tm,39,BR,N,58,51
morto2tm,40,BR,L,58,51
morto2tm,41,BR,L,58,51
morto2tm,42,R,L,58,51
morto2tm,43,O,L,58,51
morto2tm,44,BR,N,58,51
morto2tm,45,G,N,58,51
morto2tm,46,G,N,58,51
morto2tm,47,G,N,58,51
morto2tm,48,BR,L,58,51
morto2tm,49,Y,L,58,51
morto2tm,50,R,N,58,51
morto2tm,51,BL,L,58,51
morto2tm,52,BL,L,58,51
morto2tm,53,BL,N,58,51
morto2tm,54,O,C,58,51
morto2tm,55,Y,M,58,51
morto2tm,56,Y,N,58,51
morto2tm,57,O,N,58,51
morto2tm,58,G,N,58,51
harrinnr,1,BR,N,55,48
harrinnr,2,BR,N,55,48
harrinnr,3,BR,L,55,48
harrinnr,4,BR,L,55,48
harrinnr,5,G,L,55,48
harrinnr,6,G,L,55,48
harrinnr,7,G,L,55,48
harrinnr,8,G,L,55,48
harrinnr,9,G,L,55,48
harrinnr,10,G,L,55,48
harrinnr,11,G,L,55,48
harrinnr,12,G,N,55,48
harrinnr,13,G,N,55,48
harrinnr,14,G,M,55,48
harrinnr,15,Y,L,55,48
harrinnr,16,Y,L,55,48
harrinnr,17,Y,L,55,48
harrinnr,18,Y,L,55,48
harrinnr,19,Y,L,55,48
harrinnr,20,Y,L,55,48
harrinnr,21,Y,L,55,48
harrinnr,22,Y,L,55,48
harrinnr,23,Y,L,55,48
harrinnr,24,Y,L,55,48
harrinnr,25,BL,N,55,48
harrinnr,26,BL,N,55,48
harrinnr,27,BL,N,55,48
harrinnr,28,BL,M,55,48
harrinnr,29,BL,L,55,48
harrinnr,30,BL,L,55,48
harrinnr,31,BL,L,55,48
harrinnr,32,BL,L,55,48
harrinnr,33,BL,L,55,48
harrinnr,34,BL,L,55,48
harrinnr,35,BL,L,55,48
harrinnr,36,BL,L,55,48
harrinnr,37,BL,L,55,48
harrinnr,38,BL,L,55,48
harrinnr,39,BL,L,55,48
harrinnr,40,R,L,55,48
harrinnr,41,R,N,55,48
harrinnr,42,R,N,55,48
harrinnr,43,O,M,55,48
harrinnr,44,O,L,55,48
harrinnr,45,O,L,55,48
harrinnr,46,O,L,55,48
harrinnr,47,O,L,55,48
harrinnr,48,O,N,55,48
harrinnr,49,O,N,55,48
harrinnr,50,O,N,55,48
harrinnr,51,O,N,55,48
harrinnr,52,O,N,55,48
harrinnr,53,O,N,55,48
harrinnr,54,O,N,55,48
harrinnr,55,O,N,55,48
shoem2tc,1,O,N,55,51
shoem2tc,2,Y,N,55,51
shoem2tc,3,O,L,55,51
shoem2tc,4,Y,N,55,51
shoem2tc,5,R,N,55,51
shoem2tc,6,BL,N,55,51
shoem2tc,7,R,N,55,51
shoem2tc,8,BR,M,55,51
shoem2tc,9,BL,N,55,51
shoem2tc,10,BR,N,55,51
shoem2tc,11,BL,N,55,51
shoem2tc,12,BR,N,55,51
shoem2tc,13,G,L,55,51
shoem2tc,14,G,N,55,51
shoem2tc,15,O,N,55,51
shoem2tc,16,O,N,55,51
shoem2tc,17,G,N,55,51
shoem2tc,18,G,L,55,51
shoem2tc,19,O,L,55,51
shoem2tc,20,G,N,55,51
shoem2tc,21,Y,N,55,51
shoem2tc,22,R,N,55,51
shoem2tc,23,G,N,55,51
shoem2tc,24,G,N,55,51
shoem2tc,25,O,N,55,51
shoem2tc,26,O,N,55,51
shoem2tc,27,BR,N,55,51
shoem2tc,28,BL,N,55,51
shoem2tc,29,G,L,55,51
shoem2tc,30,Y,L,55,51
shoem2tc,31,R,N,55,51
shoem2tc,32,Y,N,55,51
shoem2tc,33,BR,N,55,51
shoem2tc,34,BL,N,55,51
shoem2tc,35,R,L,55,51
shoem2tc,36,BL,N,55,51
shoem2tc,37,O,N,55,51
shoem2tc,38,G,N,55,51
shoem2tc,39,R,N,55,51
shoem2tc,40,BR,N,55,51
shoem2tc,41,BL,N,55,51
shoem2tc,42,BL,L,55,51
shoem2tc,43,O,N,55,51
shoem2tc,44,R,L,55,51
shoem2tc,45,BL,L,55,51
shoem2tc,46,G,N,55,51
shoem2tc,47,BL,N,55,51
shoem2tc,48,BL,N,55,51
shoem2tc,49,Y,L,55,51
shoem2tc,50,R,M,55,51
shoem2tc,51,O,N,55,51
shoem2tc,52,O,N,55,51
shoem2tc,53,Y,L,55,51
shoem2tc,54,R,N,55,51
shoem2tc,55,O,N,55,51
lovingdg,1,G,N,53,48
lovingdg,2,R,N,53,48
lovingdg,3,BL,L,53,48
lovingdg,4,BR,N,53,48
lovingdg,5,R,L,53,48
lovingdg,6,R,C,53,48
lovingdg,7,O,N,53,48
lovingdg,8,G,N,53,48
lovingdg,9,BR,N,53,48
lovingdg,10,R,L,53,48
lovingdg,11,Y,N,53,48
lovingdg,12,O,L,53,48
lovingdg,13,R,N,53,48
lovingdg,14,G,N,53,48
lovingdg,15,R,N,53,48
lovingdg,16,BR,N,53,48
lovingdg,17,R,M,53,48
lovingdg,18,O,N,53,48
lovingdg,19,Y,L,53,48
lovingdg,20,Y,N,53,48
lovingdg,21,Y,N,53,48
lovingdg,22,BL,N,53,48
lovingdg,23,R,L,53,48
lovingdg,24,R,N,53,48
lovingdg,25,Y,N,53,48
lovingdg,26,BL,N,53,48
lovingdg,27,O,L,53,48
lovingdg,28,O,N,53,48
lovingdg,29,R,L,53,48
lovingdg,30,BR,L,53,48
lovingdg,31,O,N,53,48
lovingdg,32,BL,N,53,48
lovingdg,33,O,L,53,48
lovingdg,34,BL,N,53,48
lovingdg,35,G,N,53,48
lovingdg,36,O,L,53,48
lovingdg,37,O,L,53,48
lovingdg,38,Y,N,53,48
lovingdg,39,BR,L,53,48
lovingdg,40,BR,N,53,48
lovingdg,41,BR,N,53,48
lovingdg,42,O,L,53,48
lovingdg,43,Y,M,53,48
lovingdg,44,O,N,53,48
lovingdg,45,BL,N,53,48
lovingdg,46,R,L,53,48
lovingdg,47,G,N,53,48
lovingdg,48,G,N,53,48
lovingdg,49,BR,N,53,48
lovingdg,50,G,N,53,48
lovingdg,51,G,N,53,48
lovingdg,52,Y,N,53,48
lovingdg,53,BL,L,53,48
webbat,1,BL,N,52,49
webbat,2,BL,N,52,49
webbat,3,BL,N,52,49
webbat,4,BL,N,52,49
webbat,5,BL,N,52,49
webbat,6,BL,N,52,49
webbat,7,BL,N,52,49
webbat,8,BL,N,52,49
webbat,9,BL,N,52,49
webbat,10,BL,N,52,49
webbat,11,G,N,52,49
webbat,12,G,N,52,49
webbat,13,G,N,52,49
webbat,14,G,N,52,49
webbat,15,G,N,52,49
webbat,16,G,N,52,49
webbat,17,G,N,52,49
webbat,18,O,N,52,49
webbat,19,O,N,52,49
webbat,20,O,N,52,49
webbat,21,O,N,52,49
webbat,22,O,N,52,49
webbat,23,O,N,52,49
webbat,24,O,N,52,49
webbat,25,BR,N,52,49
webbat,26,BR,N,52,49
webbat,27,BR,N,52,49
webbat,28,Y,N,52,49
webbat,29,Y,N,52,49
webbat,30,R,N,52,49
webbat,31,R,N,52,49
webbat,32,R,N,52,49
webbat,33,R,N,52,49
webbat,34,R,N,52,49
webbat,35,BL,L,52,49
webbat,36,BL,L,52,49
webbat,37,BL,L,52,49
webbat,38,O,L,52,49
webbat,39,O,L,52,49
webbat,40,O,L,52,49
webbat,41,Y,L,52,49
webbat,42,Y,L,52,49
webbat,43,R,L,52,49
webbat,44,R,L,52,49
webbat,45,R,L,52,49
webbat,46,G,L,52,49
webbat,47,G,L,52,49
webbat,48,G,L,52,49
webbat,49,G,L,52,49
webbat,50,BR,L,52,49
webbat,51,BL,C,52,49
webbat,52,Y,M,52,49
ander2cf,1,G,L,56,50
ander2cf,2,O,N,56,50
ander2cf,3,O,N,56,50
ander2cf,4,BL,N,56,50
ander2cf,5,BL,N,56,50
ander2cf,6,Y,L,56,50
ander2cf,7,O,L,56,50
ander2cf,8,R,L,56,50
ander2cf,9,O,L,56,50
ander2cf,10,R,N,56,50
ander2cf,11,G,N,56,50
ander2cf,12,BL,N,56,50
ander2cf,13,BL,L,56,50
ander2cf,14,G,N,56,50
ander2cf,15,O,L,56,50
ander2cf,16,BL,L,56,50
ander2cf,17,BL,L,56,50
ander2cf,18,O,L,56,50
ander2cf,19,BL,N,56,50
ander2cf,20,Y,L,56,50
ander2cf,21,Y,L,56,50
ander2cf,22,BR,L,56,50
ander2cf,23,G,N,56,50
ander2cf,24,O,N,56,50
ander2cf,25,BL,N,56,50
ander2cf,26,Y,L,56,50
ander2cf,27,G,L,56,50
ander2cf,28,G,N,56,50
ander2cf,29,BL,L,56,50
ander2cf,30,Y,L,56,50
ander2cf,31,BL,M,56,50
ander2cf,32,R,L,56,50
ander2cf,33,BR,N,56,50
ander2cf,34,BL,N,56,50
ander2cf,35,O,L,56,50
ander2cf,36,G,N,56,50
ander2cf,37,BL,N,56,50
ander2cf,38,BL,N,56,50
ander2cf,39,R,N,56,50
ander2cf,40,O,L,56,50
ander2cf,41,Y,N,56,50
ander2cf,42,BL,L,56,50
ander2cf,43,G,N,56,50
ander2cf,44,O,C,56,50
ander2cf,45,R,M,56,50
ander2cf,46,BL,N,56,50
ander2cf,47,BL,N,56,50
ander2cf,48,G,L,56,50
ander2cf,49,BL,N,56,50
ander2cf,50,O,L,56,50
ander2cf,51,BL,N,56,50
ander2cf,52,G,L,56,50
ander2cf,53,R,N,56,50
ander2cf,54,R,N,56,50
ander2cf,55,O,N,56,50
ander2cf,56,R,N,56,50
quinonrm,1,O,N,57,50
quinonrm,2,O,N,57,50
quinonrm,3,O,N,57,50
quinonrm,4,O,N,57,50
quinonrm,5,O,N,57,50
quinonrm,6,O,N,57,50
quinonrm,7,O,N,57,50
quinonrm,8,O,L,57,50
quinonrm,9,O,L,57,50
quinonrm,10,O,L,57,50
quinonrm,11,O,L,57,50
quinonrm,12,O,L,57,50
quinonrm,13,O,L,57,50
quinonrm,14,O,L,57,50
quinonrm,15,O,L,57,50
quinonrm,16,R,N,57,50
quinonrm,17,R,N,57,50
quinonrm,18,R,N,57,50
quinonrm,19,R,N,57,50
quinonrm,20,R,N,57,50
quinonrm,21,R,N,57,50
quinonrm,22,R,L,57,50
quinonrm,23,BR,N,57,50
quinonrm,24,BR,N,57,50
quinonrm,25,BR,N,57,50
quinonrm,26,BR,N,57,50
quinonrm,27,BR,L,57,50
quinonrm,28,BR,L,57,50
quinonrm,29,Y,N,57,50
quinonrm,30,Y,N,57,50
quinonrm,31,Y,N,57,50
quinonrm,32,Y,N,57,50
quinonrm,33,Y,N,57,50
quinonrm,34,Y,N,57,50
quinonrm,35,Y,L,57,50
quinonrm,36,G,N,57,50
quinonrm,37,G,N,57,50
quinonrm,38,G,N,57,50
quinonrm,39,G,N,57,50
quinonrm,40,G,N,57,50
quinonrm,41,G,N,57,50
quinonrm,42,G,N,57,50
quinonrm,43,G,N,57,50
quinonrm,44,G,L,57,50
quinonrm,45,BL,N,57,50
quinonrm,46,BL,N,57,50
quinonrm,47,BL,N,57,50
quinonrm,48,BL,N,57,50
quinonrm,49,BL,N,57,50
quinonrm,50,BL,N,57,50
quinonrm,51,BL,L,57,50
quinonrm,52,BL,L,57,50
quinonrm,53,BL,L,57,50
quinonrm,54,BL,L,57,50
quinonrm,55,BL,L,57,50
quinonrm,56,BL,L,57,50
quinonrm,57,BL,L,57,50
Kellyfe,1,Y,N,54,50
Kellyfe,2,Y,N,54,50
Kellyfe,3,BL,N,54,50
Kellyfe,4,G,L,54,50
Kellyfe,5,R,L,54,50
Kellyfe,6,G,N,54,50
Kellyfe,7,BL,N,54,50
Kellyfe,8,BL,L,54,50
Kellyfe,9,O,N,54,50
Kellyfe,10,O,L,54,50
Kellyfe,11,BL,N,54,50
Kellyfe,12,R,N,54,50
Kellyfe,13,BL,C,54,50
Kellyfe,14,R,N,54,50
Kellyfe,15,O,N,54,50
Kellyfe,16,O,N,54,50
Kellyfe,17,Y,N,54,50
Kellyfe,18,BL,N,54,50
Kellyfe,19,O,N,54,50
Kellyfe,20,BL,N,54,50
Kellyfe,21,BL,N,54,50
Kellyfe,22,BL,L,54,50
Kellyfe,23,G,L,54,50
Kellyfe,24,G,N,54,50
Kellyfe,25,G,N,54,50
Kellyfe,26,O,N,54,50
Kellyfe,27,BR,L,54,50
Kellyfe,28,G,C,54,50
Kellyfe,29,BR,L,54,50
Kellyfe,30,BR,N,54,50
Kellyfe,31,R,N,54,50
Kellyfe,32,BR,N,54,50
Kellyfe,33,Y,L,54,50
Kellyfe,34,BL,N,54,50
Kellyfe,35,BL,L,54,50
Kellyfe,36,O,N,54,50
Kellyfe,37,G,N,54,50
Kellyfe,38,O,L,54,50
Kellyfe,39,O,C,54,50
Kellyfe,40,BL,C,54,50
Kellyfe,41,R,M,54,50
Kellyfe,42,G,N,54,50
Kellyfe,43,O,N,54,50
Kellyfe,44,R,N,54,50
Kellyfe,45,O,M,54,50
Kellyfe,46,G,N,54,50
Kellyfe,47,R,N,54,50
Kellyfe,48,O,N,54,50
Kellyfe,49,R,N,54,50
Kellyfe,50,BL,N,54,50
Kellyfe,51,BL,N,54,50
Kellyfe,52,R,N,54,50
Kellyfe,53,R,N,54,50
Kellyfe,54,BR,N,54,50
campbens,1,Y,N,55,49
campbens,2,O,N,55,49
campbens,3,O,N,55,49
campbens,4,BL,C,55,49
campbens,5,R,M,55,49
campbens,6,O,N,55,49
campbens,7,O,N,55,49
campbens,8,O,M,55,49
campbens,9,BL,N,55,49
campbens,10,BL,N,55,49
campbens,11,O,N,55,49
campbens,12,G,N,55,49
campbens,13,BR,N,55,49
campbens,14,BL,N,55,49
campbens,15,Y,C,55,49
campbens,16,G,M,55,49
campbens,17,BR,N,55,49
campbens,18,G,N,55,49
campbens,19,G,N,55,49
campbens,20,Y,M,55,49
campbens,21,G,N,55,49
campbens,22,BL,M,55,49
campbens,23,G,N,55,49
campbens,24,O,N,55,49
campbens,25,G,N,55,49
campbens,26,Y,N,55,49
campbens,27,O,N,55,49
campbens,28,O,N,55,49
campbens,29,O,N,55,49
campbens,30,O,N,55,49
campbens,31,G,N,55,49
campbens,32,BL,N,55,49
campbens,33,G,M,55,49
campbens,34,BR,N,55,49
campbens,35,BL,N,55,49
campbens,36,Y,N,55,49
campbens,37,O,N,55,49
campbens,38,G,N,55,49
campbens,39,O,C,55,49
campbens,40,G,N,55,49
campbens,41,BL,N,55,49
campbens,42,O,N,55,49
campbens,43,O,N,55,49
campbens,44,G,C,55,49
campbens,45,G,N,55,49
campbens,46,O,N,55,49
campbens,47,O,N,55,49
campbens,48,Y,N,55,49
campbens,49,O,N,55,49
campbens,50,Y,N,55,49
campbens,51,O,N,55,49
campbens,52,O,N,55,49
campbens,53,G,N,55,49
campbens,54,R,N,55,49
campbens,55,R,N,55,49
colli2pl,1,Y,C,53,49
colli2pl,2,BL,L,53,49
colli2pl,3,O,N,53,49
colli2pl,4,R,N,53,49
colli2pl,5,BR,N,53,49
colli2pl,6,O,N,53,49
colli2pl,7,Y,N,53,49
colli2pl,8,R,N,53,49
colli2pl,9,G,L,53,49
colli2pl,10,BL,N,53,49
colli2pl,11,O,L,53,49
colli2pl,12,O,N,53,49
colli2pl,13,R,N,53,49
colli2pl,14,Y,N,53,49
colli2pl,15,G,N,53,49
colli2pl,16,G,N,53,49
colli2pl,17,R,N,53,49
colli2pl,18,BL,L,53,49
colli2pl,19,G,N,53,49
colli2pl,20,Y,L,53,49
colli2pl,21,G,N,53,49
colli2pl,22,G,L,53,49
colli2pl,23,O,N,53,49
colli2pl,24,G,L,53,49
colli2pl,25,BL,N,53,49
colli2pl,26,R,L,53,49
colli2pl,27,G,L,53,49
colli2pl,28,BL,N,53,49
colli2pl,29,O,N,53,49
colli2pl,30,R,L,53,49
colli2pl,31,BR,L,53,49
colli2pl,32,G,N,53,49
colli2pl,33,Y,N,53,49
colli2pl,34,R,N,53,49
colli2pl,35,O,N,53,49
colli2pl,36,G,N,53,49
colli2pl,37,Y,N,53,49
colli2pl,38,G,N,53,49
colli2pl,39,Y,N,53,49
colli2pl,40,BL,N,53,49
colli2pl,41,BL,L,53,49
colli2pl,42,BL,N,53,49
colli2pl,43,BL,L,53,49
colli2pl,44,Y,N,53,49
colli2pl,45,G,N,53,49
colli2pl,46,Y,N,53,49
colli2pl,47,R,N,53,49
colli2pl,48,Y,L,53,49
colli2pl,49,BL,N,53,49
colli2pl,50,G,N,53,49
colli2pl,51,BL,N,53,49
colli2pl,52,G,N,53,49
colli2pl,53,G,N,53,49
garnerbp,1,G,N,54,48
garnerbp,2,G,N,54,48
garnerbp,3,G,N,54,48
garnerbp,4,BR,N,54,48
garnerbp,5,BL,N,54,48
garnerbp,6,Y,C,54,48
garnerbp,7,BR,L,54,48
garnerbp,8,BL,N,54,48
garnerbp,9,G,N,54,48
garnerbp,10,G,N,54,48
garnerbp,11,R,N,54,48
garnerbp,12,R,N,54,48
garnerbp,13,G,L,54,48
garnerbp,14,G,L,54,48
garnerbp,15,R,N,54,48
garnerbp,16,R,N,54,48
garnerbp,17,BR,N,54,48
garnerbp,18,Y,N,54,48
garnerbp,19,O,L,54,48
garnerbp,20,R,N,54,48
garnerbp,21,R,N,54,48
garnerbp,22,R,N,54,48
garnerbp,23,O,N,54,48
garnerbp,24,BR,N,54,48
garnerbp,25,O,N,54,48
garnerbp,26,G,N,54,48
garnerbp,27,BR,N,54,48
garnerbp,28,R,N,54,48
garnerbp,29,O,L,54,48
garnerbp,30,R,L,54,48
garnerbp,31,Y,N,54,48
garnerbp,32,G,N,54,48
garnerbp,33,BL,L,54,48
garnerbp,34,Y,C,54,48
garnerbp,35,O,C,54,48
garnerbp,36,Y,N,54,48
garnerbp,37,BR,L,54,48
garnerbp,38,G,N,54,48
garnerbp,39,R,L,54,48
garnerbp,40,R,N,54,48
garnerbp,41,O,N,54,48
garnerbp,42,G,N,54,48
garnerbp,43,BR,C,54,48
garnerbp,44,G,N,54,48
garnerbp,45,R,N,54,48
garnerbp,46,G,N,54,48
garnerbp,47,G,N,54,48
garnerbp,48,Y,N,54,48
garnerbp,49,G,L,54,48
garnerbp,50,BL,N,54,48
garnerbp,51,BR,N,54,48
garnerbp,52,O,N,54,48
garnerbp,53,G,L,54,48
garnerbp,54,O,N,54,48
heshmarr,1,R,N,54,50.3
heshmarr,2,R,N,54,50.3
heshmarr,3,R,N,54,50.3
heshmarr,4,R,N,54,50.3
heshmarr,5,R,C,54,50.3
heshmarr,6,R,N,54,50.3
heshmarr,7,R,N,54,50.3
heshmarr,8,Y,M,54,50.3
heshmarr,9,Y,L,54,50.3
heshmarr,10,Y,N,54,50.3
heshmarr,11,Y,N,54,50.3
heshmarr,12,Y,N,54,50.3
heshmarr,13,Y,N,54,50.3
heshmarr,14,Y,N,54,50.3
heshmarr,15,G,N,54,50.3
heshmarr,16,G,L,54,50.3
heshmarr,17,G,N,54,50.3
heshmarr,18,G,C,54,50.3
heshmarr,19,G,C,54,50.3
heshmarr,20,G,L,54,50.3
heshmarr,21,G,M,54,50.3
heshmarr,22,G,N,54,50.3
heshmarr,23,G,N,54,50.3
heshmarr,24,G,N,54,50.3
heshmarr,25,G,N,54,50.3
heshmarr,26,G,N,54,50.3
heshmarr,27,G,C,54,50.3
heshmarr,28,O,L,54,50.3
heshmarr,29,O,L,54,50.3
heshmarr,30,O,N,54,50.3
heshmarr,31,O,N,54,50.3
heshmarr,32,O,N,54,50.3
heshmarr,33,O,C,54,50.3
heshmarr,34,O,L,54,50.3
heshmarr,35,O,N,54,50.3
heshmarr,36,BL,N,54,50.3
heshmarr,37,BL,M,54,50.3
heshmarr,38,BL,L,54,50.3
heshmarr,39,BL,N,54,50.3
heshmarr,40,BL,N,54,50.3
heshmarr,41,BL,N,54,50.3
heshmarr,42,BL,N,54,50.3
heshmarr,43,BL,N,54,50.3
heshmarr,44,BL,N,54,50.3
heshmarr,45,BL,N,54,50.3
heshmarr,46,BL,M,54,50.3
heshmarr,47,BL,M,54,50.3
heshmarr,48,BL,C,54,50.3
heshmarr,49,BL,N,54,50.3
heshmarr,50,BR,N,54,50.3
heshmarr,51,BR,L,54,50.3
heshmarr,52,BR,N,54,50.3
heshmarr,53,BR,L,54,50.3
heshmarr,54,BR,C,54,50.3
golandtn,1,R,N,55,50
golandtn,2,R,N,55,50
golandtn,3,R,N,55,50
golandtn,4,R,N,55,50
golandtn,5,R,N,55,50
golandtn,6,R,N,55,50
golandtn,7,R,N,55,50
golandtn,8,R,C,55,50
golandtn,9,R,C,55,50
golandtn,10,R,N,55,50
golandtn,11,R,L,55,50
golandtn,12,R,N,55,50
golandtn,13,R,N,55,50
golandtn,14,R,N,55,50
golandtn,15,R,N,55,50
golandtn,16,R,N,55,50
golandtn,17,Y,L,55,50
golandtn,18,Y,L,55,50
golandtn,19,Y,N,55,50
golandtn,20,Y,N,55,50
golandtn,21,Y,N,55,50
golandtn,22,G,N,55,50
golandtn,23,G,N,55,50
golandtn,24,G,N,55,50
golandtn,25,G,N,55,50
golandtn,26,G,L,55,50
golandtn,27,G,N,55,50
golandtn,28,G,N,55,50
golandtn,29,G,N,55,50
golandtn,30,BL,L,55,50
golandtn,31,BL,N,55,50
golandtn,32,BL,L,55,50
golandtn,33,BL,N,55,50
golandtn,34,BL,L,55,50
golandtn,35,BL,N,55,50
golandtn,36,BL,N,55,50
golandtn,37,BL,N,55,50
golandtn,38,BL,N,55,50
golandtn,39,BL,N,55,50
golandtn,40,BL,N,55,50
golandtn,41,O,L,55,50
golandtn,42,O,L,55,50
golandtn,43,O,L,55,50
golandtn,44,O,L,55,50
golandtn,45,O,L,55,50
golandtn,46,O,L,55,50
golandtn,47,O,N,55,50
golandtn,48,O,N,55,50
golandtn,49,O,N,55,50
golandtn,50,BR,M,55,50
golandtn,51,BR,N,55,50
golandtn,52,BR,N,55,50
golandtn,53,BR,C,55,50
golandtn,54,BR,N,55,50
golandtn,55,BR,L,55,50